"item_category_dai_no","item_category_chu_no","item_category_sho_no","name","flg_regist","order","max_length","flg_icon","icon_name","status","rgst","updt","created_id","updated_id"
"1","1","1","法定健診（雇入時／定期健康診断）","1","1","0","0",,"1","2017-06-21 17:55:41","2017-08-24 20:16:25",,"epkdoc01"
"1","1","2","特定健康診査","1","2","0","0",,"1","2017-06-21 17:55:41","2017-06-21 17:55:41",,
"2","2","3","身長／体重／BMI","1","1","0","1","基本検査","1","2017-06-21 17:55:41","2017-06-21 17:55:41",,
"2","2","4","肥満度","1","2","0","1","基本検査","1","2017-06-21 17:55:41","2017-06-21 17:55:41",,
"2","2","5","腹囲","1","3","0","1","基本検査","1","2017-06-21 17:55:41","2017-06-21 17:55:41",,
"2","2","6","血圧測定","1","4","0","1","基本検査","1","2017-06-21 17:55:41","2017-06-21 17:55:41",,
"2","2","7","問診／診察","1","5","0","1","基本検査","1","2017-06-21 17:55:41","2017-06-21 17:55:41",,
"2","3","8","眼底検査","1","1","0","1","基本検査","1","2017-06-21 17:55:41","2017-06-21 17:55:41",,
"2","3","9","眼圧検査","1","2","0","1","基本検査","1","2017-06-21 17:55:41","2017-06-21 17:55:41",,
"2","3","10","視力検査","1","3","0","1","基本検査","1","2017-06-21 17:55:41","2017-06-21 17:55:41",,
"2","3","11","聴力検査","1","4","0","1","基本検査","1","2017-06-21 17:55:41","2017-06-21 17:55:41",,
"3","4","12","総蛋白","1","1","0","1","血液検査","1","2017-06-21 17:55:41","2019-01-11 11:29:07",,"epkdoc01"
"3","4","13","アルブミン","1","2","0","1","血液検査","1","2017-06-21 17:55:41","2019-01-11 11:29:07",,"epkdoc01"
"3","4","14","クレアチニン（Cr）","1","3","0","1","血液検査","1","2017-06-21 17:55:41","2019-01-11 11:29:07",,"epkdoc01"
"3","4","15","尿酸（UA）","1","4","0","1","血液検査","1","2017-06-21 17:55:41","2019-01-11 11:29:07",,"epkdoc01"
"3","4","16","総コレステロール","1","5","0","1","血液検査","1","2017-06-21 17:55:41","2019-01-11 11:29:07",,"epkdoc01"
"3","4","17","HDLコレステロール（善玉コレステロール）","1","6","0","1","血液検査","1","2017-06-21 17:55:41","2019-01-11 11:29:07",,"epkdoc01"
"3","4","18","LDLコレステロール（悪玉コレステロール）","1","7","0","1","血液検査","1","2017-06-21 17:55:41","2019-01-11 11:29:07",,"epkdoc01"
"3","4","19","中性脂肪（TG）","1","9","0","1","血液検査","1","2017-06-21 17:55:41","2019-01-11 11:29:07",,"epkdoc01"
"3","4","20","総ビリルビン","1","10","0","1","血液検査","1","2017-06-21 17:55:41","2019-01-11 11:29:07",,"epkdoc01"
"3","4","21","AST（GOT）／ALT（GPT）","1","11","0","1","血液検査","1","2017-06-21 17:55:41","2019-01-11 11:29:07",,"epkdoc01"
"3","4","22","γ-GT（γ-GTP）","1","12","0","1","血液検査","1","2017-06-21 17:55:41","2019-01-11 11:29:07",,"epkdoc01"
"3","4","23","ALP（アルカリフォスファターゼ）","1","13","0","1","血液検査","1","2017-06-21 17:55:41","2019-01-11 11:29:07",,"epkdoc01"
"3","4","24","血糖（空腹時）","1","14","0","1","血液検査","1","2017-06-21 17:55:41","2019-01-11 11:29:07",,"epkdoc01"
"3","4","25","HbA1c","1","15","0","1","血液検査","1","2017-06-21 17:55:41","2019-01-11 11:29:07",,"epkdoc01"
"3","4","26","ブドウ糖負荷試験","1","16","0","1","血液検査","1","2017-06-21 17:55:41","2019-01-11 11:29:07",,"epkdoc01"
"3","5","27","赤血球","1","1","0","1","血液検査","1","2017-06-21 17:55:41","2017-06-21 17:55:41",,
"3","5","28","白血球","1","2","0","1","血液検査","1","2017-06-21 17:55:41","2017-06-21 17:55:41",,
"3","5","29","血色素（ヘモグロビン）","1","3","0","1","血液検査","1","2017-06-21 17:55:41","2017-06-21 17:55:41",,
"3","5","30","ヘマトクリット","1","4","0","1","血液検査","1","2017-06-21 17:55:41","2017-06-21 17:55:41",,
"3","5","31","血小板数","1","5","0","1","血液検査","1","2017-06-21 17:55:41","2017-06-21 17:55:41",,
"3","5","32","MCV","1","6","0","1","血液検査","1","2017-06-21 17:55:41","2017-06-21 17:55:41",,
"3","5","33","MCH","1","7","0","1","血液検査","1","2017-06-21 17:55:41","2017-06-21 17:55:41",,
"3","5","34","MCHC","1","8","0","1","血液検査","1","2017-06-21 17:55:41","2017-06-21 17:55:41",,
"3","6","35","CRP","1","1","0","1","血液検査","1","2017-06-21 17:55:41","2017-06-21 17:55:41",,
"3","6","36","血液型（ABO）","1","2","0","1","血液検査","1","2017-06-21 17:55:41","2017-06-21 17:55:41",,
"3","6","37","血液型（Rh）","1","3","0","1","血液検査","1","2017-06-21 17:55:41","2017-08-24 20:17:53",,"epkdoc01"
"3","7","38","肝炎（HBs抗原検査、HBs抗体検査、HCV抗体検査のいずれかを含む）","1","1","0","1","抗体検査","1","2017-06-21 17:55:41","2017-06-21 17:55:41",,
"3","7","39","梅毒","1","2","0","1","抗体検査","1","2017-06-21 17:55:41","2017-06-21 17:55:41",,
"3","7","40","クラミジア抗体検査","1","3","0","1","抗体検査","1","2017-06-21 17:55:41","2017-06-21 17:55:41",,
"3","7","41","エイズ検査（HIV抗体検査）","1","4","0","1","抗体検査","1","2017-06-21 17:55:41","2017-06-21 17:55:41",,
"3","8","42","IgE","1","1","0","1","アレルギー","1","2017-06-21 17:55:41","2017-06-21 17:55:41",,
"3","9","43","ペプシノゲン検査","1","1","0","1","胃ABC","1","2017-06-21 17:55:41","2017-06-21 17:55:41",,
"3","9","44","ピロリ抗体検査","1","2","0","1","胃ABC","1","2017-06-21 17:55:41","2017-06-21 17:55:41",,
"3","10","45","肺がん","1","1","0","1","腫瘍マーカー","1","2017-06-21 17:55:41","2017-06-21 17:55:41",,
"3","10","46","胃がん","1","2","0","1","腫瘍マーカー","1","2017-06-21 17:55:41","2017-06-21 17:55:41",,
"3","10","47","大腸がん","1","3","0","1","腫瘍マーカー","1","2017-06-21 17:55:41","2017-06-21 17:55:41",,
"3","10","48","肝臓がん","1","4","0","1","腫瘍マーカー","1","2017-06-21 17:55:41","2017-06-21 17:55:41",,
"3","10","49","すい臓がん","1","5","0","1","腫瘍マーカー","1","2017-06-21 17:55:41","2017-06-21 17:55:41",,
"3","10","50","前立腺がん","1","6","0","1","腫瘍マーカー","1","2017-06-21 17:55:41","2017-06-21 17:55:41",,
"3","10","51","乳がん","1","7","0","1","腫瘍マーカー","1","2017-06-21 17:55:41","2017-06-21 17:55:41",,
"3","10","52","子宮頸がん","1","8","0","1","腫瘍マーカー","1","2017-06-21 17:55:41","2017-06-21 17:55:41",,
"3","10","53","子宮体がん","1","9","0","1","腫瘍マーカー","1","2017-06-21 17:55:41","2017-06-21 17:55:41",,
"3","10","54","卵巣がん","1","10","0","1","腫瘍マーカー","1","2017-06-21 17:55:41","2017-06-21 17:55:41",,
"3","11","55","甲状腺ホルモン（TSH、FT3、FT4のいずれかを含む）","1","1","0","0",,"1","2017-06-21 17:55:41","2017-06-21 17:55:41",,
"3","11","56","脳梗塞・心筋梗塞のリスクチェック検査","1","2","0","0",,"1","2017-06-21 17:55:41","2018-12-19 17:35:24",,"epkdoc01"
"3","11","57","アミノインデックス検査（AICS・がんスクリーニング検査）","1","3","0","0",,"1","2017-06-21 17:55:41","2017-06-21 17:55:41",,
"4","12","58","胸部X線検査","1","1","0","1","X線撮影","1","2017-06-21 17:55:41","2017-06-21 17:55:41",,
"4","12","59","胃バリウム（上部消化管X線検査）","1","2","0","1","X線撮影","1","2017-06-21 17:55:41","2017-06-21 17:55:41",,
"4","12","60","大腸バリウム（大腸X線検査）","1","3","0","1","X線撮影","1","2017-06-21 17:55:41","2017-06-21 17:55:41",,
"4","12","61","マンモグラフィ（乳房X線検査）","1","4","0","1","X線撮影","1","2017-06-21 17:55:41","2017-06-21 17:55:41",,
"4","13","62","頸動脈エコー検査","1","1","0","1","エコー","1","2017-06-21 17:55:41","2017-06-21 17:55:41",,
"4","13","63","胸部エコー（心エコー）検査","1","2","0","1","エコー","1","2017-06-21 17:55:41","2017-06-21 17:55:41",,
"4","13","64","腹部エコー検査","1","3","0","1","エコー","1","2017-06-21 17:55:41","2017-06-21 17:55:41",,
"4","13","65","前立腺エコー検査","1","4","0","1","エコー","1","2017-06-21 17:55:41","2017-06-21 17:55:41",,
"4","13","66","乳腺エコー検査","1","5","0","1","エコー","1","2017-06-21 17:55:41","2017-06-21 17:55:41",,
"4","13","67","経膣エコー検査","1","6","0","1","エコー","1","2017-06-21 17:55:41","2017-06-21 17:55:41",,
"4","14","68","頭部CT検査","1","1","0","1","CT","1","2017-06-21 17:55:41","2017-06-21 17:55:41",,
"4","14","69","冠動脈（心臓）CT検査","1","2","0","1","CT","1","2017-06-21 17:55:41","2017-06-21 17:55:41",,
"4","14","70","胸部CT検査","1","3","0","1","CT","1","2017-06-21 17:55:41","2017-06-21 17:55:41",,
"4","14","71","腹部CT検査","1","4","0","1","CT","1","2017-06-21 17:55:41","2017-06-21 17:55:41",,
"4","14","72","骨盤部CT検査","1","5","0","1","CT","1","2017-06-21 17:55:41","2017-06-21 17:55:41",,
"4","14","73","内臓脂肪計測目的CT","1","6","0","1","CT","1","2017-06-21 17:55:41","2017-06-21 17:55:41",,
"4","15","74","頭部MRI検査","1","1","0","1","MRI／MRA","1","2017-06-21 17:55:41","2017-06-21 17:55:41",,
"4","15","75","頭部MRA検査","1","2","0","1","MRI／MRA","1","2017-06-21 17:55:41","2017-06-21 17:55:41",,
"4","15","76","頸部MRI検査","1","3","0","1","MRI／MRA","1","2017-06-21 17:55:41","2017-06-21 17:55:41",,
"4","15","77","頸部MRA検査","1","4","0","1","MRI／MRA","1","2017-06-21 17:55:41","2017-06-21 17:55:41",,
"4","15","78","心臓MRI検査","1","5","0","1","MRI／MRA","1","2017-06-21 17:55:41","2017-06-21 17:55:41",,
"4","15","79","胸部MRI検査","1","6","0","1","MRI／MRA","1","2017-06-21 17:55:41","2017-06-21 17:55:41",,
"4","15","80","腹部MRI検査","1","7","0","1","MRI／MRA","1","2017-06-21 17:55:41","2017-06-21 17:55:41",,
"4","15","81","骨盤腔MRI検査","1","8","0","1","MRI／MRA","1","2017-06-21 17:55:41","2017-06-21 17:55:41",,
"4","15","82","乳房MRI検査","1","9","0","1","MRI／MRA","1","2017-06-21 17:55:41","2017-06-21 17:55:41",,
"4","16","83","PET検査","1","1","0","1","PET／PET-CT","1","2017-06-21 17:55:41","2017-06-21 17:55:41",,
"4","16","84","PET-CT検査","1","2","0","1","PET／PET-CT","1","2017-06-21 17:55:41","2017-06-21 17:55:41",,
"4","16","85","PEM検査（乳房専用PET）","1","3","0","1","PET／PET-CT","1","2017-06-21 17:55:41","2017-06-21 17:55:41",,
"5","17","86","経口内視鏡検査（胃カメラ）","1","1","0","1","内視鏡","1","2017-06-21 17:55:41","2017-06-21 17:55:41",,
"5","17","87","経鼻内視鏡検査（胃カメラ）","1","2","0","1","内視鏡","1","2017-06-21 17:55:41","2018-03-13 17:18:33",,"epkdoc01"
"5","17","88","大腸内視鏡検査","1","3","0","1","内視鏡","1","2017-06-21 17:55:41","2017-06-21 17:55:41",,
"5","17","89","カプセル内視鏡検査","1","4","0","1","内視鏡","1","2017-06-21 17:55:41","2017-06-21 17:55:41",,
"6","18","90","安静時心電図","1","1","0","1","循環器系","1","2017-06-21 17:55:41","2017-06-21 17:55:41",,
"6","18","91","運動負荷心電図","1","2","0","1","循環器系","1","2017-06-21 17:55:41","2017-06-21 17:55:41",,
"6","18","92","ホルター型心電図","1","3","0","1","循環器系","1","2017-06-21 17:55:41","2017-06-21 17:55:41",,
"6","18","93","心拍数","1","4","0","1","循環器系","1","2017-06-21 17:55:41","2017-06-21 17:55:41",,
"6","18","94","血圧脈波検査","1","5","0","1","循環器系","1","2017-06-21 17:55:41","2017-06-21 17:55:41",,
"6","19","95","喀痰細胞診","1","1","0","1","肺検査","1","2017-06-21 17:55:41","2017-06-21 17:55:41",,
"6","19","96","肺機能検査（スパイロメーター）","1","2","0","1","肺検査","1","2017-06-21 17:55:41","2017-06-21 17:55:41",,
"6","20","97","直腸指診","1","1","0","1","視診／触診","1","2017-06-21 17:55:41","2017-06-21 17:55:41",,
"6","20","98","前立腺触診","1","2","0","1","視診／触診","1","2017-06-21 17:55:41","2017-06-21 17:55:41",,
"6","20","99","乳房視触診","1","3","0","1","視診／触診","1","2017-06-21 17:55:41","2017-08-30 17:36:40",,"epkdoc01"
"6","21","100","子宮頸部細胞診","1","1","0","1","子宮系","1","2017-06-21 17:55:41","2019-01-24 09:40:55",,"epkdoc01"
"6","21","101","子宮体部細胞診","1","2","0","1","子宮系","1","2017-06-21 17:55:41","2017-06-21 17:55:41",,
"6","21","102","HPV検査","1","3","0","1","子宮系","1","2017-06-21 17:55:41","2017-06-21 17:55:41",,
"6","22","103","尿たんぱく","1","1","0","1","尿／便検査","1","2017-06-21 17:55:41","2017-06-21 17:55:41",,
"6","22","104","尿pH","1","2","0","1","尿／便検査","1","2017-06-21 17:55:41","2017-06-21 17:55:41",,
"6","22","105","尿糖","1","3","0","1","尿／便検査","1","2017-06-21 17:55:41","2017-06-21 17:55:41",,
"6","22","106","尿沈渣","1","4","0","1","尿／便検査","1","2017-06-21 17:55:41","2018-02-05 09:19:15",,"epkdoc01"
"6","22","107","尿潜血","1","5","0","1","尿／便検査","1","2017-06-21 17:55:41","2017-06-21 17:55:41",,
"6","22","108","尿比重","1","6","0","1","尿／便検査","1","2017-06-21 17:55:41","2017-06-21 17:55:41",,
"6","22","109","尿ウロビリノゲン","1","7","0","1","尿／便検査","1","2017-06-21 17:55:41","2017-06-21 17:55:41",,
"6","22","110","便潜血","1","8","0","1","尿／便検査","1","2017-06-21 17:55:41","2017-06-21 17:55:41",,
"6","23","111","性感染症の検査","1","1","0","0",,"1","2017-06-21 17:55:41","2017-06-21 17:55:41",,
"6","23","112","骨密度検査","1","2","0","0",,"1","2017-06-21 17:55:41","2017-06-21 17:55:41",,
"6","23","113","認知症検査","1","3","0","0",,"1","2017-06-21 17:55:41","2017-06-21 17:55:41",,
"6","23","114","その他診断","1","4","0","0",,"1","2017-06-21 17:55:41","2018-02-16 13:08:26",,"epkdoc01"
"6","24","115","特定保健指導","1","1","0","1","保健指導","1","2017-06-21 17:55:41","2017-06-21 17:55:41",,
"6","24","116","栄養指導","1","2","0","1","保健指導","1","2017-06-21 17:55:41","2017-06-21 17:55:41",,
"6","24","117","運動指導","1","3","0","1","保健指導","1","2017-06-21 17:55:41","2017-06-21 17:55:41",,
"11","47","126","女性医師対応","1","2","0","1","女性医師可","1","2017-06-21 17:55:41","2019-07-14 15:11:39",,"eparkdock"
"11","47","127","女性スタッフ対応","1","1","0","1","女性スタッフ可","1","2017-06-21 17:55:41","2019-07-14 15:11:39",,"eparkdock"
"11","48","128","専門医","1","1","0","1","専門医","1","2017-06-21 17:55:41","2017-06-21 17:55:41",,
"11","50","129","男女共通","1","1","0","1","男女共通","1","2017-06-21 17:55:41","2017-06-21 17:55:41",,
"11","50","130","女性","1","2","0","1","女性","1","2017-06-21 17:55:41","2017-06-21 17:55:41",,
"11","50","131","男性","1","3","0","1","男性","1","2017-06-21 17:55:41","2017-08-25 11:23:59",,"epkdoc01"
"11","50","132","ペア","1","4","0","1","ペア","1","2017-06-21 17:55:41","2017-06-21 17:55:41",,
"11","49","133","読影W","1","1","0","1","読影W","1","2017-06-21 17:55:41","2017-06-21 17:55:41",,
"11","52","134","土曜検査実施可","1","1","0","1","土曜可","1","2017-06-21 17:55:41","2017-06-21 17:55:41",,
"11","52","135","日曜検査実施可","1","2","0","1","日曜可","1","2017-06-21 17:55:41","2017-06-21 17:55:41",,
"11","52","136","祝日検査実施可","1","3","0","1","祝日可","1","2017-06-21 17:55:41","2017-06-21 17:55:41",,
"11","28","137","EPARK人間ドック記念コース","1","1","0","1","記念コース","1","2017-06-21 17:55:41","2018-03-01 15:52:20",,"epkdoc01"
"11","51","138","全年代対応","1","1","0","1","全年代","1","2017-06-21 17:55:41","2017-06-21 17:55:41",,
"12","29","139","おすすめ","1","1","0","0",,"X","2017-06-21 17:55:41","2017-06-21 17:55:41",,
"13","30","140","人間ドック","1","1","0","0",,"1","2017-06-21 17:55:41","2017-08-29 10:07:42",,"epkdoc01"
"13","30","141","脳ドック","1","2","0","0",,"1","2017-06-21 17:55:41","2017-08-29 10:07:42",,"epkdoc01"
"13","30","142","PET検診","1","3","0","0",,"1","2017-06-21 17:55:41","2017-08-29 10:07:42",,"epkdoc01"
"13","30","143","心臓ドック","1","4","0","0",,"1","2017-06-21 17:55:41","2017-08-29 10:07:42",,"epkdoc01"
"13","30","144","胃がん検診","1","5","0","0",,"1","2017-06-21 17:55:41","2017-08-29 10:07:42",,"epkdoc01"
"13","30","145","大腸がん検診","1","6","0","0",,"1","2017-06-21 17:55:41","2017-08-29 10:07:42",,"epkdoc01"
"13","30","146","肺がん検診","1","7","0","0",,"1","2017-06-21 17:55:41","2017-08-29 10:07:42",,"epkdoc01"
"13","30","147","健康診断","1","8","0","0",,"1","2017-06-21 17:55:41","2017-08-29 10:07:42",,"epkdoc01"
"13","30","148","メンズドック","1","9","0","0",,"1","2017-06-21 17:55:41","2017-08-29 10:07:42",,"epkdoc01"
"13","30","149","レディースドック","1","10","0","0",,"1","2017-06-21 17:55:41","2017-08-29 10:07:42",,"epkdoc01"
"13","30","150","婦人科検診","1","11","0","0",,"1","2017-06-21 17:55:41","2017-08-29 10:07:42",,"epkdoc01"
"13","30","151","乳がん検診","1","12","0","0",,"1","2017-06-21 17:55:41","2017-08-29 10:07:42",,"epkdoc01"
"13","30","152","子宮がん検診","1","13","0","0",,"1","2017-06-21 17:55:41","2017-08-29 10:07:42",,"epkdoc01"
"14","31","153","男性","1","1","0","0",,"X","2017-06-21 17:55:41","2017-08-25 11:23:46",,"epkdoc01"
"14","31","154","女性","1","2","0","0",,"X","2017-06-21 17:55:41","2017-06-26 09:57:37",,"epkdoc01"
"14","31","155","ペア","1","3","0","0",,"X","2017-06-21 17:55:41","2017-06-26 09:47:29",,"epkdoc01"
"14","32","156","～20歳","1","1","0","0",,"1","2017-06-21 17:55:41","2017-06-21 17:55:41",,
"14","32","157","21歳～30歳","1","2","0","0",,"1","2017-06-21 17:55:41","2017-06-21 17:55:41",,
"14","32","158","31歳～40歳","1","3","0","0",,"1","2017-06-21 17:55:41","2017-06-21 17:55:41",,
"14","32","159","41歳～50歳","1","4","0","0",,"1","2017-06-21 17:55:41","2017-06-21 17:55:41",,
"14","32","160","51歳～60歳","1","5","0","0",,"1","2017-06-21 17:55:41","2017-06-21 17:55:41",,
"14","32","161","61歳～","1","6","0","0",,"1","2017-06-21 17:55:41","2017-06-21 17:55:41",,
"15","33","162","テキストボックス","0","127","100","0",,"1","2017-06-21 17:55:41","2017-08-24 20:18:07",,"epkdoc01"
"16","34","163","テキストボックス","0","127","100","0",,"1","2017-06-21 17:55:41","2017-06-21 17:55:41",,
"17","35","164","テキストボックス","0","127","100","0",,"1","2017-06-21 17:55:41","2017-08-24 20:18:27",,"epkdoc01"
"18","36","165","テキストボックス","0","127","30","0",,"1","2017-06-21 17:55:41","2017-08-24 19:18:01",,"epkdoc01"
"19","37","166","テキストボックス","0","127","100","0",,"1","2017-06-21 17:55:41","2017-06-21 17:55:41",,
"20","38","167","テキストボックス","0","127","100","0",,"1","2017-06-21 17:55:41","2017-06-21 17:55:41",,
"21","39","168","全ての検査","1","1","0","0",,"X","2017-06-21 17:55:41","2017-06-21 17:55:41",,
"21","39","169","全ての検査（予約時の問合せ必須）","1","2","0","0",,"X","2017-06-21 17:55:41","2017-06-21 17:55:41",,
"21","39","170","乳がん視診触診","1","3","0","0",,"X","2017-06-21 17:55:41","2017-06-21 17:55:41",,
"21","39","171","乳がん視診触診（予約時の問合せ必須）","1","4","0","0",,"X","2017-06-21 17:55:41","2017-06-21 17:55:41",,
"21","39","172","子宮がん細胞診","1","5","0","0",,"X","2017-06-21 17:55:41","2017-06-21 17:55:41",,
"21","39","173","子宮がん細胞診（予約時の問合せ必須）","1","6","0","0",,"X","2017-06-21 17:55:41","2017-06-21 17:55:41",,
"21","39","174","乳腺エコー検査","1","7","0","0",,"X","2017-06-21 17:55:41","2017-06-21 17:55:41",,
"21","39","175","乳腺エコー検査（予約時の問合せ必須）","1","8","0","0",,"X","2017-06-21 17:55:41","2017-06-21 17:55:41",,
"21","39","176","経膣エコー検査","1","9","0","0",,"X","2017-06-21 17:55:41","2017-06-21 17:55:41",,
"21","39","177","経膣エコー検査（予約時の問合せ必須）","1","10","0","0",,"X","2017-06-21 17:55:41","2017-06-21 17:55:41",,
"21","39","178","視診・触診・問診","1","11","0","0",,"X","2017-06-21 17:55:41","2017-06-21 17:55:41",,
"21","39","179","視診・触診・問診（予約時の問合せ必須）","1","12","0","0",,"X","2017-06-21 17:55:41","2017-06-21 17:55:41",,
"22","40","180","日本医学放射線学会認定　放射線科専門医","1","1","0","0",,"X","2017-06-21 17:55:41","2017-06-21 17:55:41",,
"22","40","181","日本核医学会　核医学専門医","1","2","0","0",,"X","2017-06-21 17:55:41","2017-06-21 17:55:41",,
"22","40","182","日本超音波医学会　超音波専門医","1","3","0","0",,"X","2017-06-21 17:55:41","2017-06-21 17:55:41",,
"22","40","183","日本消化器病学会　消化器病専門医","1","4","0","0",,"X","2017-06-21 17:55:41","2017-06-21 17:55:41",,
"22","40","184","日本臨床細胞学会　細胞診専門医","1","5","0","0",,"X","2017-06-21 17:55:41","2017-06-21 17:55:41",,
"22","40","185","日本婦人科腫瘍学会　婦人科腫瘍専門医","1","6","0","0",,"X","2017-06-21 17:55:41","2017-06-21 17:55:41",,
"22","40","186","日本呼吸器学会　呼吸器専門医","1","7","0","0",,"X","2017-06-21 17:55:41","2017-06-21 17:55:41",,
"22","40","187","心臓血管外科専門医認定機構認定　心臓血管外科専門医","1","8","0","0",,"X","2017-06-21 17:55:41","2017-06-21 17:55:41",,
"22","40","188","日本循環器学会　循環器専門医","1","9","0","0",,"X","2017-06-21 17:55:41","2017-06-21 17:55:41",,
"22","40","189","日本消化器内視鏡学会　消化器内視鏡専門医","1","10","0","0",,"X","2017-06-21 17:55:41","2017-06-21 17:55:41",,
"22","40","190","日本脳神経外科学会　脳神経外科専門医","1","11","0","0",,"X","2017-06-21 17:55:41","2017-06-21 17:55:41",,
"24","42","192","テキストボックス","0","127","28","0",,"1","2017-06-21 17:55:41","2017-06-21 17:55:41",,
"24","43","193","テキストボックス","0","127","28","0",,"1","2017-06-21 17:55:41","2017-06-21 17:55:41",,
"24","44","194","テキストボックス","0","127","28","0",,"1","2017-06-21 17:55:41","2017-06-21 17:55:41",,
"24","45","195","テキストボックス","0","127","28","0",,"1","2017-06-21 17:55:41","2017-06-21 17:55:41",,
"25","46","196","胃潰瘍・十二指腸潰瘍","1","1","0","0",,"1","2017-06-21 17:55:41","2017-06-21 17:55:41",,
"25","46","197","胃ポリープ","1","2","0","0",,"1","2017-06-21 17:55:41","2017-06-21 17:55:41",,
"25","46","198","逆流性食道炎","1","3","0","0",,"1","2017-06-21 17:55:41","2017-06-21 17:55:41",,
"25","46","199","慢性胃炎","1","4","0","0",,"1","2017-06-21 17:55:41","2017-06-21 17:55:41",,
"25","46","200","胃がん","1","5","0","0",,"1","2017-06-21 17:55:41","2017-06-21 17:55:41",,
"25","46","201","食道がん","1","6","0","0",,"1","2017-06-21 17:55:41","2017-06-21 17:55:41",,
"25","46","202","肝臓がん","1","7","0","0",,"1","2017-06-21 17:55:41","2017-06-21 17:55:41",,
"25","46","203","甲状腺がん","1","8","0","0",,"1","2017-06-21 17:55:41","2017-06-21 17:55:41",,
"25","46","204","大腸がん","1","9","0","0",,"1","2017-06-21 17:55:41","2017-06-21 17:55:41",,
"25","46","205","すい臓がん","1","10","0","0",,"1","2017-06-21 17:55:41","2017-06-21 17:55:41",,
"25","46","206","肺がん","1","11","0","0",,"1","2017-06-21 17:55:41","2017-06-21 17:55:41",,
"25","46","207","乳がん","1","12","0","0",,"1","2017-06-21 17:55:41","2017-06-21 17:55:41",,
"25","46","208","子宮がん（子宮頸がん・子宮体がん）","1","13","0","0",,"1","2017-06-21 17:55:41","2017-06-21 17:55:41",,
"25","46","209","卵巣がん","1","14","0","0",,"1","2017-06-21 17:55:41","2017-06-21 17:55:41",,
"25","46","210","腎細胞がん","1","15","0","0",,"1","2017-06-21 17:55:41","2017-06-21 17:55:41",,
"25","46","211","前立腺がん","1","16","0","0",,"1","2017-06-21 17:55:41","2017-06-21 17:55:41",,
"25","46","212","喉頭がん","1","17","0","0",,"1","2017-06-21 17:55:41","2017-06-21 17:55:41",,
"25","46","213","悪性腫瘍（がん・悪性新生物）","1","18","0","0",,"1","2017-06-21 17:55:41","2017-06-21 17:55:41",,
"25","46","214","子宮筋腫・子宮内膜症","1","19","0","0",,"1","2017-06-21 17:55:41","2017-06-21 17:55:41",,
"25","46","216","性感染症","1","20","0","0",,"1","2017-06-21 17:55:41","2017-06-21 17:55:41",,
"25","46","217","大腸ポリープ・大腸炎","1","21","0","0",,"1","2017-06-21 17:55:41","2017-06-21 17:55:41",,
"25","46","218","肝炎","1","22","0","0",,"1","2017-06-21 17:55:41","2017-06-21 17:55:41",,
"25","46","219","肝硬変","1","23","0","0",,"1","2017-06-21 17:55:41","2017-06-21 17:55:41",,
"25","46","220","胆石","1","24","0","0",,"1","2017-06-21 17:55:41","2017-06-21 17:55:41",,
"25","46","221","高血圧","1","25","0","0",,"1","2017-06-21 17:55:41","2017-06-21 17:55:41",,
"25","46","222","高脂血症（脂質異常症）","1","26","0","0",,"1","2017-06-21 17:55:41","2017-06-21 17:55:41",,
"25","46","223","骨粗しょう症","1","27","0","0",,"1","2017-06-21 17:55:41","2017-06-21 17:55:41",,
"25","46","224","腎臓の病気","1","28","0","0",,"1","2017-06-21 17:55:41","2017-06-21 17:55:41",,
"25","46","225","動脈硬化","1","29","0","0",,"1","2017-06-21 17:55:41","2017-06-21 17:55:41",,
"25","46","226","不整脈","1","30","0","0",,"1","2017-06-21 17:55:41","2017-06-21 17:55:41",,
"25","46","227","狭心症","1","31","0","0",,"1","2017-06-21 17:55:41","2017-06-21 17:55:41",,
"25","46","228","心筋梗塞","1","32","0","0",,"1","2017-06-21 17:55:41","2017-06-21 17:55:41",,
"25","46","229","心不全","1","33","0","0",,"1","2017-06-21 17:55:41","2017-06-21 17:55:41",,
"25","46","230","痛風・高尿酸値","1","34","0","0",,"1","2017-06-21 17:55:41","2017-06-21 17:55:41",,
"25","46","231","糖尿病","1","35","0","0",,"1","2017-06-21 17:55:41","2017-06-21 17:55:41",,
"25","46","232","頭痛","1","36","0","0",,"1","2017-06-21 17:55:41","2017-06-21 17:55:41",,
"25","46","233","くも膜下出血","1","37","0","0",,"1","2017-06-21 17:55:41","2017-06-21 17:55:41",,
"25","46","234","脳卒中","1","38","0","0",,"1","2017-06-21 17:55:41","2017-06-21 17:55:41",,
"25","46","235","脳梗塞","1","39","0","0",,"1","2017-06-21 17:55:41","2017-06-21 17:55:41",,
"25","46","236","脳出血","1","40","0","0",,"1","2017-06-21 17:55:41","2017-06-21 17:55:41",,
"25","46","237","認知症","1","41","0","0",,"1","2017-06-21 17:55:41","2017-06-21 17:55:41",,
"25","46","238","肺気腫・慢性気管支炎（COPD）","1","42","0","0",,"1","2017-06-21 17:55:41","2017-06-21 17:55:41",,
"25","46","240","結核","1","43","0","0",,"1","2017-06-21 17:55:41","2017-06-21 17:55:41",,
"25","46","241","貧血","1","44","0","0",,"1","2017-06-21 17:55:41","2017-06-21 17:55:41",,
"25","46","242","便秘","1","45","0","0",,"1","2017-06-21 17:55:41","2017-06-21 17:55:41",,
"25","46","243","前立腺肥大","1","46","0","0",,"1","2017-06-21 17:55:41","2017-06-21 17:55:41",,
"25","46","244","膀胱結石","1","47","0","0",,"1","2017-06-21 17:55:41","2017-06-21 17:55:41",,
"25","46","245","膀胱炎","1","48","0","0",,"1","2017-06-21 17:55:41","2017-06-21 17:55:41",,
"25","46","246","痔","1","49","0","0",,"1","2017-06-21 17:55:41","2017-06-21 17:55:41",,
"25","46","247","肥満","1","50","0","0",,"1","2017-06-21 17:55:41","2017-06-21 17:55:41",,
"25","46","248","メタボリックシンドローム","1","51","0","0",,"1","2017-06-21 17:55:41","2017-06-21 17:55:41",,
"25","46","249","生活習慣病","1","52","0","0",,"1","2017-06-21 17:55:41","2017-06-21 17:55:41",,
"11","53","250","2日間以上ドック","1","1","0","0",,"1","2017-06-21 17:55:41","2017-06-21 17:55:41",,
"11","54","251","温泉・入浴施設つき","1","1","0","1","温泉・入浴施設つき","1","2017-06-21 17:55:41","2017-06-21 17:55:41",,
"11","55","252","早朝：～9時開始","1","1","0","0",,"1","2017-06-21 17:55:41","2017-06-21 17:55:41",,
"11","55","253","午前開始","1","2","0","0",,"1","2017-06-21 17:55:41","2017-06-21 17:55:41",,
"11","55","254","午後開始","1","3","0","0",,"1","2017-06-21 17:55:41","2017-06-21 17:55:41",,
"11","55","255","夜間：17時～開始","1","4","0","0",,"1","2017-06-21 17:55:41","2017-06-21 17:55:41",,
"11","56","256","食事あり","1","1","0","0",,"1","2017-06-21 17:55:41","2017-06-21 17:55:41",,
"11","57","257","7日以内に予約できる","1","1","0","0",,"1","2017-06-21 17:55:41","2017-06-21 17:55:41",,
"11","57","258","14日以内に予約できる","1","2","0","0",,"1","2017-06-21 17:55:41","2017-08-24 19:35:47",,"epkdoc01"
"11","58","259","保健指導あり","1","1","0","0",,"1","2017-06-21 17:55:41","2017-06-21 17:55:41",,
"11","58","260","栄養指導あり","1","2","0","0",,"1","2017-06-21 17:55:41","2017-06-21 17:55:41",,
"11","58","261","運動指導あり","1","3","0","0",,"1","2017-06-21 17:55:41","2017-06-21 17:55:41",,
"11","59","262","血液検査","1","1","0","0",,"1","2017-06-21 17:55:41","2017-06-21 17:55:41",,
"11","59","263","抗体検査","1","2","0","0",,"1","2017-06-21 17:55:41","2017-06-21 17:55:41",,
"11","59","264","アレルギー検査","1","3","0","0",,"1","2017-06-21 17:55:41","2017-06-21 17:55:41",,
"11","59","265","胃ABC検査","1","4","0","0",,"1","2017-06-21 17:55:41","2017-06-21 17:55:41",,
"11","59","266","腫瘍マーカー検査","1","5","0","0",,"1","2017-06-21 17:55:41","2017-06-21 17:55:41",,
"11","59","267","X線撮影検査","1","6","0","0",,"1","2017-06-21 17:55:41","2017-06-21 17:55:41",,
"11","59","268","超音波検査（エコー検査）","1","7","0","0",,"1","2017-06-21 17:55:41","2017-06-21 17:55:41",,
"11","59","269","CT検査","1","8","0","0",,"1","2017-06-21 17:55:41","2017-06-21 17:55:41",,
"11","59","270","MRI／MRA検査","1","9","0","0",,"1","2017-06-21 17:55:41","2017-06-21 17:55:41",,
"11","59","271","PET／PET-CT検査","1","10","0","0",,"1","2017-06-21 17:55:41","2017-06-21 17:55:41",,
"11","59","272","内視鏡検査","1","11","0","0",,"1","2017-06-21 17:55:41","2017-06-21 17:55:41",,
"11","59","273","循環器系検査","1","12","0","0",,"1","2017-06-21 17:55:41","2017-06-21 17:55:41",,
"11","59","274","肺検査","1","13","0","0",,"1","2017-06-21 17:55:41","2017-06-21 17:55:41",,
"11","59","275","視診／触診検査","1","14","0","0",,"1","2017-06-21 17:55:41","2017-06-21 17:55:41",,
"11","59","276","子宮系検査","1","15","0","0",,"1","2017-06-21 17:55:41","2017-06-21 17:55:41",,
"11","59","277","尿／便検査","1","16","0","0",,"1","2017-06-21 17:55:41","2017-06-21 17:55:41",,
"3","4","302","（テキストボックス）","0","127","127","0",,"X","2017-08-18 16:18:04","2017-08-18 16:25:38","epkdoc01","epkdoc01"
"3","4","303","（テキストボックス）","0","127","127","0",,"X","2017-08-18 16:18:04","2017-08-18 16:25:06","epkdoc01","epkdoc01"
"3","4","304","（テキストボックス）","0","127","127","0",,"X","2017-08-18 16:18:04","2017-08-18 16:25:40","epkdoc01","epkdoc01"
"3","4","305","（テキストボックス）","0","127","127","0",,"X","2017-08-18 16:18:04","2017-08-18 16:25:41","epkdoc01","epkdoc01"
"3","4","306","（テキストボックス）","0","127","127","0",,"X","2017-08-18 16:18:04","2017-08-18 16:25:32","epkdoc01","epkdoc01"
"3","4","307","（テキストボックス）","0","127","127","0",,"X","2017-08-18 16:18:04","2017-08-18 16:25:35","epkdoc01","epkdoc01"
"3","4","308","（テキストボックス）","0","127","127","0",,"X","2017-08-18 16:18:04","2017-08-18 16:25:36","epkdoc01","epkdoc01"
"3","4","309","（テキストボックス）","0","127","127","0",,"X","2017-08-18 16:18:04","2017-08-18 16:25:30","epkdoc01","epkdoc01"
"3","4","310","（テキストボックス）","0","127","127","0",,"X","2017-08-18 16:18:04","2017-08-18 16:25:49","epkdoc01","epkdoc01"
"3","4","311","（テキストボックス）","0","127","127","0",,"X","2017-08-18 16:18:04","2017-08-18 16:24:48","epkdoc01","epkdoc01"
"3","4","312","（テキストボックス）","0","127","127","0",,"X","2017-08-18 16:18:04","2017-08-18 16:24:51","epkdoc01","epkdoc01"
"3","4","313","（テキストボックス）","0","127","127","0",,"X","2017-08-18 16:18:04","2017-08-18 16:24:54","epkdoc01","epkdoc01"
"3","4","314","（テキストボックス）","0","127","127","0",,"X","2017-08-18 16:18:04","2017-08-18 16:25:00","epkdoc01","epkdoc01"
"3","4","315","（テキストボックス）","0","127","127","0",,"X","2017-08-18 16:18:04","2017-08-18 16:25:46","epkdoc01","epkdoc01"
"3","4","316","（テキストボックス）","0","127","200","0",,"1","2017-08-18 16:18:04","2017-08-30 18:05:38","epkdoc01","epkdoc01"
"3","11","317","テキスト","0","127","500","0",,"1","2017-08-23 17:19:37","2017-08-31 13:52:38","epkdoc01","epkdoc01"
"13","30","318","その他","1","14","0","0",,"1","2017-08-29 11:23:53","2017-08-29 11:23:53","epkdoc01","epkdoc01"
"6","22","319","尿検査一般","1","9","0","1","尿／便検査","1","2017-09-05 10:55:46","2017-09-05 10:57:01","epkdoc01","epkdoc01"
"3","11","320","血液一般","1","4","0","1","血液検査","1","2017-09-05 11:00:49","2017-09-05 11:00:49","epkdoc01","epkdoc01"
"4","13","321","甲状腺エコー検査","1","7","0","1","エコー","1","2017-09-05 16:36:08","2017-10-04 10:01:18","epkdoc01","epkdoc01"
"6","19","322","その他","0","32767","100","0","肺検査","1","2017-09-05 20:12:54","2018-06-27 14:14:16","epkdoc01","epkdoc01"
"4","14","323","その他","0","32767","100","0","CT","1","2017-09-05 20:16:41","2018-06-27 14:18:55","epkdoc01","epkdoc01"
"6","20","324","聴打診","1","4","0","1","視診／触診","1","2017-09-05 21:18:14","2017-09-05 21:18:14","epkdoc01","epkdoc01"
"6","23","325","その他","0","32767","100","0",,"1","2017-09-05 21:25:34","2017-09-05 21:25:34","epkdoc01","epkdoc01"
"13","30","326","健保","1","15","0","0",,"1","2017-09-07 10:48:32","2017-09-07 10:48:32","epkdoc01","epkdoc01"
"4","13","327","テキスト","0","32767","200","0",,"1","2017-09-10 10:40:08","2017-09-10 10:40:08","epkdoc01","epkdoc01"
"4","15","328","テキスト","0","32767","100","0",,"1","2017-09-10 10:40:36","2017-09-10 10:40:36","epkdoc01","epkdoc01"
"3","7","329","テキスト","0","32767","500","0",,"1","2017-09-12 14:47:56","2017-09-12 14:47:56","epkdoc01","epkdoc01"
"25","46","330","その他","0","32767","500","0",,"1","2017-09-13 16:29:15","2017-10-19 10:11:29","epkdoc01","epkdoc01"
"6","20","331","その他","0","32767","500","0",,"1","2017-09-21 12:06:59","2017-09-21 12:06:59","epkdoc01","epkdoc01"
"2","2","332","その他","0","32767","500","0",,"1","2017-09-21 16:10:44","2017-09-21 16:10:44","epkdoc01","epkdoc01"
"3","10","333","その他","0","32767","500","0",,"1","2017-09-21 16:12:13","2017-09-21 16:12:13","epkdoc01","epkdoc01"
"4","12","334","その他","0","32767","100","0",,"1","2017-10-12 15:55:42","2017-10-12 15:55:42","epkdoc01","epkdoc01"
"6","22","335","その他","0","32767","500","0",,"1","2017-10-13 13:04:10","2017-10-13 13:04:10","epkdoc01","epkdoc01"
"6","20","336","子宮視触診","1","5","0","1","視診／触診","1","2017-10-25 17:52:17","2017-10-25 17:53:01","epkdoc01","epkdoc01"
"6","23","337","血管年齢測定","1","5","0","0",,"X","2017-11-10 09:58:17","2017-11-10 09:59:29","epkdoc01","epkdoc01"
"3","11","338","血管年齢測定","1","5","0","0",,"1","2017-11-10 09:59:49","2017-11-10 09:59:49","epkdoc01","epkdoc01"
"11","60","339","オプションあり","1","0","0","0","オプションあり","X","2017-12-01 16:07:04","2017-12-15 13:38:22","epkdoc01","epkdoc01"
"3","5","340","テキスト","0","32767","500","1","血液検査","1","2017-12-14 10:02:37","2018-10-23 17:59:07","epkdoc01","epkdoc01"
"3","6","341","テキスト","0","32767","500","0",,"1","2017-12-14 10:03:08","2017-12-14 10:03:08","epkdoc01","epkdoc01"
"27","61","342","事前郵送物あり","1","0","0","1","事前郵送物あり","X","2018-02-01 13:31:07","2018-02-01 15:53:07","epkdoc01","epkdoc01"
"27","61","343","事前郵送物なし","1","1","0","1","事前郵送物なし","X","2018-02-01 13:32:50","2018-02-01 15:53:05","epkdoc01","epkdoc01"
"6","21","344","その他","0","32767","500","0",,"1","2018-02-01 14:00:38","2018-02-01 14:00:38","epkdoc01","epkdoc01"
"11","62","345","事前郵便物あり-アイコン","1","0","0","1","事前郵便物ありアイコン","X","2018-02-01 14:04:53","2018-02-01 14:06:41","epkdoc01","epkdoc01"
"11","62","346","事前郵便物なし-アイコン","1","1","0","1","事前郵便物なし-アイコン","X","2018-02-01 14:05:08","2018-02-01 14:06:39","epkdoc01","epkdoc01"
"11","63","347","事前郵便物あり","1","0","0","1","事前郵便物あり","1","2018-02-01 14:36:26","2018-02-01 14:36:26","epkdoc01","epkdoc01"
"11","63","348","事前来院あり","1","1","0","1","事前来院あり","1","2018-02-01 14:36:50","2018-02-08 16:51:06","epkdoc01","epkdoc01"
"6","18","349","その他","0","32767","500","0",,"1","2018-02-22 11:41:58","2018-02-22 11:41:58","epkdoc01","epkdoc01"
"5","17","350","その他","0","32767","500","0",,"1","2018-02-22 11:44:09","2018-02-22 11:44:09","epkdoc01","epkdoc01"
"3","4","351","A/G比","1","17","0","0",,"1","2018-04-04 17:38:51","2019-01-11 11:29:07","epkdoc01","epkdoc01"
"3","4","352","尿素窒素","1","18","0","0","尿素窒素","1","2018-04-04 17:41:34","2019-01-11 11:29:07","epkdoc01","epkdoc01"
"3","4","353","LDH","1","19","0","0","LDH","1","2018-04-04 17:42:43","2019-01-11 11:29:07","epkdoc01","epkdoc01"
"2","3","354","（テキストボックス）","0","32767","500","0",,"1","2018-07-11 12:20:35","2018-07-11 12:20:35","epkdoc01","epkdoc01"
"6","24","355","その他","0","32767","500","0",,"1","2018-08-30 14:41:10","2018-08-30 14:41:10","epkdoc01","epkdoc01"
"3","5","356","血液像","1","9","0","1","血液検査","X","2018-10-23 12:47:02","2018-10-23 12:47:27","epkdoc01","epkdoc01"
"3","5","357","血液像","1","10","0","1","血液検査","1","2018-10-23 12:50:19","2018-10-23 12:50:19","epkdoc01","epkdoc01"
"3","9","358","その他","0","32767","100","0",,"1","2019-01-11 11:21:58","2019-01-11 11:21:58","epkdoc01","epkdoc01"
"3","4","359","non-HDLコレステロール","1","8","0","0",,"1","2019-01-11 11:27:30","2019-01-11 11:29:07","epkdoc01","epkdoc01"
"4","64","360","その他小分類","0","32767","99","1","小分類アイコン","1","2019-04-08 23:54:13","2019-04-08 23:54:13","eparkdock","eparkdock"
"18","36","361","水分","1","0","0","0",,"X","2019-07-03 23:26:28","2019-07-03 23:26:56","eparkdock","eparkdock"
