"no","pref","name","kana","status","rgst","updt","created_id","updated_id"
"0010006","1",,,"X",,,,
"0011002","1","札幌市","サッポロシ","1",,,,
"0011011","1","札幌市中央区","サッポロシチュウオウク","1",,,,
"0011029","1","札幌市北区","サッポロシキタク","1",,,,
"0011037","1","札幌市東区","サッポロシヒガシク","1",,,,
"0011045","1","札幌市白石区","サッポロシシロイシク","1",,,,
"0011053","1","札幌市豊平区","サッポロシトヨヒラク","1",,,,
"0011061","1","札幌市南区","サッポロシミナミク","1",,,,
"0011070","1","札幌市西区","サッポロシニシク","1",,,,
"0011088","1","札幌市厚別区","サッポロシアツベツク","1",,,,
"0011096","1","札幌市手稲区","サッポロシテイネク","1",,,,
"0011100","1","札幌市清田区","サッポロシキヨタク","1",,,,
"0012025","1","函館市","ハコダテシ","1",,,,
"0012033","1","小樽市","オタルシ","1",,,,
"0012041","1","旭川市","アサヒカワシ","1",,,,
"0012050","1","室蘭市","ムロランシ","1",,,,
"0012068","1","釧路市","クシロシ","1",,,,
"0012076","1","帯広市","オビヒロシ","1",,,,
"0012084","1","北見市","キタミシ","1",,,,
"0012092","1","夕張市","ユウバリシ","1",,,,
"0012106","1","岩見沢市","イワミザワシ","1",,,,
"0012114","1","網走市","アバシリシ","1",,,,
"0012122","1","留萌市","ルモイシ","1",,,,
"0012131","1","苫小牧市","トマコマイシ","1",,,,
"0012149","1","稚内市","ワッカナイシ","1",,,,
"0012157","1","美唄市","ビバイシ","1",,,,
"0012165","1","芦別市","アシベツシ","1",,,,
"0012173","1","江別市","エベツシ","1",,,,
"0012181","1","赤平市","アカビラシ","1",,,,
"0012190","1","紋別市","モンベツシ","1",,,,
"0012203","1","士別市","シベツシ","1",,,,
"0012211","1","名寄市","ナヨロシ","1",,,,
"0012220","1","三笠市","ミカサシ","1",,,,
"0012238","1","根室市","ネムロシ","1",,,,
"0012246","1","千歳市","チトセシ","1",,,,
"0012254","1","滝川市","タキカワシ","1",,,,
"0012262","1","砂川市","スナガワシ","1",,,,
"0012271","1","歌志内市","ウタシナイシ","1",,,,
"0012289","1","深川市","フカガワシ","1",,,,
"0012297","1","富良野市","フラノシ","1",,,,
"0012301","1","登別市","ノボリベツシ","1",,,,
"0012319","1","恵庭市","エニワシ","1",,,,
"0012335","1","伊達市","ダテシ","1",,,,
"0012343","1","北広島市","キタヒロシマシ","1",,,,
"0012351","1","石狩市","イシカリシ","1",,,,
"0012360","1","北斗市","ホクトシ","1",,,,
"0013030","1","当別町","トウベツチョウ","0",,,,
"0013048","1","新篠津村","シンシノツムラ","0",,,,
"0013315","1","松前町","マツマエチョウ","0",,,,
"0013323","1","福島町","フクシマチョウ","0",,,,
"0013331","1","知内町","シリウチチョウ","0",,,,
"0013340","1","木古内町","キコナイチョウ","0",,,,
"0013374","1","七飯町","ナナエチョウ","0",,,,
"0013439","1","鹿部町","シカベチョウ","0",,,,
"0013455","1","森町","モリマチ","0",,,,
"0013463","1","八雲町","ヤクモチョウ","0",,,,
"0013471","1","長万部町","オシャマンベチョウ","0",,,,
"0013617","1","江差町","エサシチョウ","0",,,,
"0013625","1","上ノ国町","カミノクニチョウ","0",,,,
"0013633","1","厚沢部町","アッサブチョウ","0",,,,
"0013641","1","乙部町","オトベチョウ","0",,,,
"0013676","1","奥尻町","オクシリチョウ","0",,,,
"0013706","1","今金町","イマカネチョウ","0",,,,
"0013714","1","せたな町","セタナチヨウ","0",,,,
"0013919","1","島牧村","シママキムラ","0",,,,
"0013927","1","寿都町","スッツチョウ","0",,,,
"0013935","1","黒松内町","クロマツナイチョウ","0",,,,
"0013943","1","蘭越町","ランコシチョウ","0",,,,
"0013951","1","ニセコ町","ニセコチョウ","0",,,,
"0013960","1","真狩村","マッカリムラ","0",,,,
"0013978","1","留寿都村","ルスツムラ","0",,,,
"0013986","1","喜茂別町","キモベツチョウ","0",,,,
"0013994","1","京極町","キョウゴクチョウ","0",,,,
"0014001","1","倶知安町","クッチャンチョウ","0",,,,
"0014010","1","共和町","キョウワチョウ","0",,,,
"0014028","1","岩内町","イワナイチョウ","0",,,,
"0014036","1","泊村","トマリムラ","0",,,,
"0014044","1","神恵内村","カモエナイムラ","0",,,,
"0014052","1","積丹町","シャコタンチョウ","0",,,,
"0014061","1","古平町","フルビラチョウ","0",,,,
"0014079","1","仁木町","ニキチョウ","0",,,,
"0014087","1","余市町","ヨイチチョウ","0",,,,
"0014095","1","赤井川村","アカイガワムラ","0",,,,
"0014231","1","南幌町","ナンポロチョウ","0",,,,
"0014249","1","奈井江町","ナイエチョウ","0",,,,
"0014257","1","上砂川町","カミスナガワチョウ","0",,,,
"0014273","1","由仁町","ユニチョウ","0",,,,
"0014281","1","長沼町","ナガヌマチョウ","0",,,,
"0014290","1","栗山町","クリヤマチョウ","0",,,,
"0014303","1","月形町","ツキガタチョウ","0",,,,
"0014311","1","浦臼町","ウラウスチョウ","0",,,,
"0014320","1","新十津川町","シントツカワチョウ","0",,,,
"0014338","1","妹背牛町","モセウシチョウ","0",,,,
"0014346","1","秩父別町","チップベツチョウ","0",,,,
"0014362","1","雨竜町","ウリュウチョウ","0",,,,
"0014371","1","北竜町","ホクリュウチョウ","0",,,,
"0014389","1","沼田町","ヌマタチョウ","0",,,,
"0014524","1","鷹栖町","タカスチョウ","0",,,,
"0014532","1","東神楽町","ヒガシカグラチョウ","0",,,,
"0014541","1","当麻町","トウマチョウ","0",,,,
"0014559","1","比布町","ピップチョウ","0",,,,
"0014567","1","愛別町","アイベツチョウ","0",,,,
"0014575","1","上川町","カミカワチョウ","0",,,,
"0014583","1","東川町","ヒガシカワチョウ","0",,,,
"0014591","1","美瑛町","ビエイチョウ","0",,,,
"0014605","1","上富良野町","カミフラノチョウ","0",,,,
"0014613","1","中富良野町","ナカフラノチョウ","0",,,,
"0014621","1","南富良野町","ミナミフラノチョウ","0",,,,
"0014630","1","占冠村","シムカップムラ","0",,,,
"0014648","1","和寒町","ワッサムチョウ","0",,,,
"0014656","1","剣淵町","ケンブチチョウ","0",,,,
"0014681","1","下川町","シモカワチョウ","0",,,,
"0014699","1","美深町","ビフカチョウ","0",,,,
"0014702","1","音威子府村","オトイネップムラ","0",,,,
"0014711","1","中川町","ナカガワチョウ","0",,,,
"0014729","1","幌加内町","ホロカナイチョウ","0",,,,
"0014818","1","増毛町","マシケチョウ","0",,,,
"0014826","1","小平町","オビラチョウ","0",,,,
"0014834","1","苫前町","トママエチョウ","0",,,,
"0014842","1","羽幌町","ハボロチョウ","0",,,,
"0014851","1","初山別村","ショサンベツムラ","0",,,,
"0014869","1","遠別町","エンベツチョウ","0",,,,
"0014877","1","天塩町","テシオチョウ","0",,,,
"0015113","1","猿払村","サルフツムラ","0",,,,
"0015121","1","浜頓別町","ハマトンベツチョウ","0",,,,
"0015130","1","中頓別町","ナカトンベツチョウ","0",,,,
"0015148","1","枝幸町","エサシチョウ","0",,,,
"0015164","1","豊富町","トヨトミチョウ","0",,,,
"0015172","1","礼文町","レブンチョウ","0",,,,
"0015181","1","利尻町","リシリチョウ","0",,,,
"0015199","1","利尻富士町","リシリフジチョウ","0",,,,
"0015202","1","幌延町","ホロノベチョウ","0",,,,
"0015431","1","美幌町","ビホロチョウ","0",,,,
"0015440","1","津別町","ツベツチョウ","0",,,,
"0015458","1","斜里町","シャリチョウ","0",,,,
"0015466","1","清里町","キヨサトチョウ","0",,,,
"0015474","1","小清水町","コシミズチョウ","0",,,,
"0015491","1","訓子府町","クンネップチョウ","0",,,,
"0015504","1","置戸町","オケトチョウ","0",,,,
"0015521","1","佐呂間町","サロマチョウ","0",,,,
"0015555","1","遠軽町","エンガルチョウ","0",,,,
"0015598","1","湧別町","ユウベツチョウ","0",,,,
"0015601","1","滝上町","タキノウエチョウ","0",,,,
"0015610","1","興部町","オコッペチョウ","0",,,,
"0015628","1","西興部村","ニシオコッペムラ","0",,,,
"0015636","1","雄武町","オウムチョウ","0",,,,
"0015644","1","大空町","オオゾラチョウ","0",,,,
"0015717","1","豊浦町","トヨウラチョウ","0",,,,
"0015750","1","壮瞥町","ソウベツチョウ","0",,,,
"0015784","1","白老町","シラオイチョウ","0",,,,
"0015814","1","厚真町","アツマチョウ","0",,,,
"0015849","1","洞爺湖町","トウヤコチョウ","0",,,,
"0015857","1","安平町","アビラチョウ","0",,,,
"0015865","1","むかわ町","ムカワチョウ","0",,,,
"0016012","1","日高町","ヒダカチョウ","0",,,,
"0016021","1","平取町","ビラトリチョウ","0",,,,
"0016047","1","新冠町","ニイカップチョウ","0",,,,
"0016071","1","浦河町","ウラカワチョウ","0",,,,
"0016080","1","様似町","サマニチョウ","0",,,,
"0016098","1","えりも町","エリモチョウ","0",,,,
"0016101","1","新ひだか町","シンヒダカチョウ","0",,,,
"0016314","1","音更町","オトフケチョウ","0",,,,
"0016322","1","士幌町","シホロチョウ","0",,,,
"0016331","1","上士幌町","カミシホロチョウ","0",,,,
"0016349","1","鹿追町","シカオイチョウ","0",,,,
"0016357","1","新得町","シントクチョウ","0",,,,
"0016365","1","清水町","シミズチョウ","0",,,,
"0016373","1","芽室町","メムロチョウ","0",,,,
"0016381","1","中札内村","ナカサツナイムラ","0",,,,
"0016390","1","更別村","サラベツムラ","0",,,,
"0016411","1","大樹町","タイキチョウ","0",,,,
"0016420","1","広尾町","ヒロオチョウ","0",,,,
"0016438","1","幕別町","マクベツチョウ","0",,,,
"0016446","1","池田町","イケダチョウ","0",,,,
"0016454","1","豊頃町","トヨコロチョウ","0",,,,
"0016462","1","本別町","ホンベツチョウ","0",,,,
"0016471","1","足寄町","アショロチョウ","0",,,,
"0016489","1","陸別町","リクベツチョウ","0",,,,
"0016497","1","浦幌町","ウラホロチョウ","0",,,,
"0016616","1","釧路町","クシロチョウ","0",,,,
"0016624","1","厚岸町","アッケシチョウ","0",,,,
"0016632","1","浜中町","ハマナカチョウ","0",,,,
"0016641","1","標茶町","シベチャチョウ","0",,,,
"0016659","1","弟子屈町","テシカガチョウ","0",,,,
"0016675","1","鶴居村","ツルイムラ","0",,,,
"0016683","1","白糠町","シラヌカチョウ","0",,,,
"0016918","1","別海町","ベツカイチョウ","0",,,,
"0016926","1","中標津町","ナカシベツチョウ","0",,,,
"0016934","1","標津町","シベツチョウ","0",,,,
"0016942","1","羅臼町","ラウスチョウ","0",,,,
"0020001","2",,,"X",,,,
"0022012","2","青森市","アオモリシ","1",,,,
"0022021","2","弘前市","ヒロサキシ","1",,,,
"0022039","2","八戸市","ハチノヘシ","1",,,,
"0022047","2","黒石市","クロイシシ","1",,,,
"0022055","2","五所川原市","ゴショガワラシ","1",,,,
"0022063","2","十和田市","トワダシ","1",,,,
"0022071","2","三沢市","ミサワシ","1",,,,
"0022080","2","むつ市","ムツシ","1",,,,
"0022098","2","つがる市","ツガルシ","1",,,,
"0022101","2","平川市","ヒラカワシ","1",,,,
"0023019","2","平内町","ヒラナイマチ","0",,,,
"0023035","2","今別町","イマベツマチ","0",,,,
"0023043","2","蓬田村","ヨモギタムラ","0",,,,
"0023078","2","外ヶ浜町","ソトガハママチ","0",,,,
"0023213","2","鰺ヶ沢町","アジガサワマチ","0",,,,
"0023230","2","深浦町","フカウラマチ","0",,,,
"0023434","2","西目屋村","ニシメヤムラ","0",,,,
"0023612","2","藤崎町","フジサキマチ","0",,,,
"0023621","2","大鰐町","オオワニマチ","0",,,,
"0023671","2","田舎館村","イナカダテムラ","0",,,,
"0023817","2","板柳町","イタヤナギマチ","0",,,,
"0023841","2","鶴田町","ツルタマチ","0",,,,
"0023876","2","中泊町","ナカドマリマチ","0",,,,
"0024015","2","野辺地町","ノヘジマチ","0",,,,
"0024023","2","七戸町","シチノヘマチ","0",,,,
"0024058","2","六戸町","ロクノヘマチ","0",,,,
"0024066","2","横浜町","ヨコハママチ","0",,,,
"0024082","2","東北町","トウホクマチ","0",,,,
"0024112","2","六ヶ所村","ロッカショムラ","0",,,,
"0024121","2","おいらせ町","オイラセチョウ","0",,,,
"0024236","2","大間町","オオママチ","0",,,,
"0024244","2","東通村","ヒガシドオリムラ","0",,,,
"0024252","2","風間浦村","カザマウラムラ","0",,,,
"0024261","2","佐井村","サイムラ","0",,,,
"0024414","2","三戸町","サンノヘマチ","0",,,,
"0024422","2","五戸町","ゴノヘマチ","0",,,,
"0024431","2","田子町","タッコマチ","0",,,,
"0024457","2","南部町","ナンブチョウ","0",,,,
"0024465","2","階上町","ハシカミチョウ","0",,,,
"0024503","2","新郷村","シンゴウムラ","0",,,,
"0030007","3",,,"X",,,,
"0032018","3","盛岡市","モリオカシ","1",,,,
"0032026","3","宮古市","ミヤコシ","1",,,,
"0032034","3","大船渡市","オオフナトシ","1",,,,
"0032051","3","花巻市","ハナマキシ","1",,,,
"0032069","3","北上市","キタカミシ","1",,,,
"0032077","3","久慈市","クジシ","1",,,,
"0032085","3","遠野市","トオノシ","1",,,,
"0032093","3","一関市","イチノセキシ","1",,,,
"0032107","3","陸前高田市","リクゼンタカタシ","1",,,,
"0032115","3","釜石市","カマイシシ","1",,,,
"0032131","3","二戸市","ニノヘシ","1",,,,
"0032140","3","八幡平市","ハチマンタイシ","1",,,,
"0032158","3","奥州市","オウシュウシ","1",,,,
"0032166","3","滝沢市","タキザワシ","1",,,,
"0033014","3","雫石町","シズクイシチョウ","0",,,,
"0033022","3","葛巻町","クズマキマチ","0",,,,
"0033031","3","岩手町","イワテマチ","0",,,,
"0033219","3","紫波町","シワチョウ","0",,,,
"0033227","3","矢巾町","ヤハバチョウ","0",,,,
"0033669","3","西和賀町","ニシワガマチ","0",,,,
"0033812","3","金ケ崎町","カネガサキチョウ","0",,,,
"0034029","3","平泉町","ヒライズミチョウ","0",,,,
"0034410","3","住田町","スミタチョウ","0",,,,
"0034614","3","大槌町","オオツチチョウ","0",,,,
"0034827","3","山田町","ヤマダマチ","0",,,,
"0034835","3","岩泉町","イワイズミチョウ","0",,,,
"0034843","3","田野畑村","タノハタムラ","0",,,,
"0034851","3","普代村","フダイムラ","0",,,,
"0035017","3","軽米町","カルマイマチ","0",,,,
"0035033","3","野田村","ノダムラ","0",,,,
"0035068","3","九戸村","クノヘムラ","0",,,,
"0035076","3","洋野町","ヒロノチョウ","0",,,,
"0035246","3","一戸町","イチノヘマチ","0",,,,
"0040002","4",,,"X",,,,
"0041009","4","仙台市","センダイシ","1",,,,
"0041017","4","仙台市青葉区","センダイシアオバク","1",,,,
"0041025","4","仙台市宮城野区","センダイシミヤギノク","1",,,,
"0041033","4","仙台市若林区","センダイシワカバヤシク","1",,,,
"0041041","4","仙台市太白区","センダイシタイハクク","1",,,,
"0041050","4","仙台市泉区","センダイシイズミク","1",,,,
"0042021","4","石巻市","イシノマキシ","1",,,,
"0042030","4","塩竈市","シオガマシ","1",,,,
"0042056","4","気仙沼市","ケセンヌマシ","1",,,,
"0042064","4","白石市","シロイシシ","1",,,,
"0042072","4","名取市","ナトリシ","1",,,,
"0042081","4","角田市","カクダシ","1",,,,
"0042099","4","多賀城市","タガジョウシ","1",,,,
"0042111","4","岩沼市","イワヌマシ","1",,,,
"0042129","4","登米市","トメシ","1",,,,
"0042137","4","栗原市","クリハラシ","1",,,,
"0042145","4","東松島市","ヒガシマツシマシ","1",,,,
"0042153","4","大崎市","オオサキシ","1",,,,
"0043010","4","蔵王町","ザオウマチ","0",,,,
"0043028","4","七ヶ宿町","シチカシュクマチ","0",,,,
"0043214","4","大河原町","オオガワラマチ","0",,,,
"0043222","4","村田町","ムラタマチ","0",,,,
"0043231","4","柴田町","シバタマチ","0",,,,
"0043249","4","川崎町","カワサキマチ","0",,,,
"0043419","4","丸森町","マルモリマチ","0",,,,
"0043613","4","亘理町","ワタリチョウ","0",,,,
"0043621","4","山元町","ヤマモトチョウ","0",,,,
"0044016","4","松島町","マツシママチ","0",,,,
"0044041","4","七ヶ浜町","シチガハママチ","0",,,,
"0044067","4","利府町","リフチョウ","0",,,,
"0044211","4","大和町","タイワチョウ","0",,,,
"0044229","4","大郷町","オオサトチョウ","0",,,,
"0044237","4","富谷町","トミヤマチ","0",,,,
"0044245","4","大衡村","オオヒラムラ","0",,,,
"0044440","4","色麻町","シカマチョウ","0",,,,
"0044458","4","加美町","カミマチ","0",,,,
"0045012","4","涌谷町","ワクヤチョウ","0",,,,
"0045055","4","美里町","ミサトマチ","0",,,,
"0045811","4","女川町","オナガワチョウ","0",,,,
"0046060","4","南三陸町","ミナミサンリクチョウ","0",,,,
"0050008","5",,,"X",,,,
"0052019","5","秋田市","アキタシ","1",,,,
"0052027","5","能代市","ノシロシ","1",,,,
"0052035","5","横手市","ヨコテシ","1",,,,
"0052043","5","大館市","オオダテシ","1",,,,
"0052060","5","男鹿市","オガシ","1",,,,
"0052078","5","湯沢市","ユザワシ","1",,,,
"0052094","5","鹿角市","カヅノシ","1",,,,
"0052108","5","由利本荘市","ユリホンジョウシ","1",,,,
"0052116","5","潟上市","カタガミシ","1",,,,
"0052124","5","大仙市","ダイセンシ","1",,,,
"0052132","5","北秋田市","キタアキタシ","1",,,,
"0052141","5","にかほ市","ニカホシ","1",,,,
"0052159","5","仙北市","センボクシ","1",,,,
"0053031","5","小坂町","コサカマチ","0",,,,
"0053279","5","上小阿仁村","カミコアニムラ","0",,,,
"0053465","5","藤里町","フジサトマチ","0",,,,
"0053481","5","三種町","ミタネチョウ","0",,,,
"0053490","5","八峰町","ハッポウチョウ","0",,,,
"0053619","5","五城目町","ゴジョウメマチ","0",,,,
"0053635","5","八郎潟町","ハチロウガタマチ","0",,,,
"0053660","5","井川町","イカワマチ","0",,,,
"0053686","5","大潟村","オオガタムラ","0",,,,
"0054348","5","美郷町","ミサトチョウ","0",,,,
"0054631","5","羽後町","ウゴマチ","0",,,,
"0054640","5","東成瀬村","ヒガシナルセムラ","0",,,,
"0060003","6",,,"X",,,,
"0062014","6","山形市","ヤマガタシ","1",,,,
"0062022","6","米沢市","ヨネザワシ","1",,,,
"0062031","6","鶴岡市","ツルオカシ","1",,,,
"0062049","6","酒田市","サカタシ","1",,,,
"0062057","6","新庄市","シンジョウシ","1",,,,
"0062065","6","寒河江市","サガエシ","1",,,,
"0062073","6","上山市","カミノヤマシ","1",,,,
"0062081","6","村山市","ムラヤマシ","1",,,,
"0062090","6","長井市","ナガイシ","1",,,,
"0062103","6","天童市","テンドウシ","1",,,,
"0062111","6","東根市","ヒガシネシ","1",,,,
"0062120","6","尾花沢市","オバナザワシ","1",,,,
"0062138","6","南陽市","ナンヨウシ","1",,,,
"0063011","6","山辺町","ヤマノベマチ","0",,,,
"0063029","6","中山町","ナカヤママチ","0",,,,
"0063215","6","河北町","カホクチョウ","0",,,,
"0063223","6","西川町","ニシカワマチ","0",,,,
"0063231","6","朝日町","アサヒマチ","0",,,,
"0063240","6","大江町","オオエマチ","0",,,,
"0063410","6","大石田町","オオイシダマチ","0",,,,
"0063614","6","金山町","カネヤママチ","0",,,,
"0063622","6","最上町","モガミマチ","0",,,,
"0063631","6","舟形町","フナガタマチ","0",,,,
"0063649","6","真室川町","マムロガワマチ","0",,,,
"0063657","6","大蔵村","オオクラムラ","0",,,,
"0063665","6","鮭川村","サケガワムラ","0",,,,
"0063673","6","戸沢村","トザワムラ","0",,,,
"0063819","6","高畠町","タカハタマチ","0",,,,
"0063827","6","川西町","カワニシマチ","0",,,,
"0064017","6","小国町","オグニマチ","0",,,,
"0064025","6","白鷹町","シラタカマチ","0",,,,
"0064033","6","飯豊町","イイデマチ","0",,,,
"0064262","6","三川町","ミカワマチ","0",,,,
"0064289","6","庄内町","シヨウナイマチ","0",,,,
"0064611","6","遊佐町","ユザマチ","0",,,,
"0070009","7",,,"X",,,,
"0072010","7","福島市","フクシマシ","1",,,,
"0072028","7","会津若松市","アイヅワカマツシ","1",,,,
"0072036","7","郡山市","コオリヤマシ","1",,,,
"0072044","7","いわき市","イワキシ","1",,,,
"0072052","7","白河市","シラカワシ","1",,,,
"0072079","7","須賀川市","スカガワシ","1",,,,
"0072087","7","喜多方市","キタカタシ","1",,,,
"0072095","7","相馬市","ソウマシ","1",,,,
"0072109","7","二本松市","ニホンマツシ","1",,,,
"0072117","7","田村市","タムラシ","1",,,,
"0072125","7","南相馬市","ミナミソウマシ","1",,,,
"0072133","7","伊達市","ダテシ","1",,,,
"0072141","7","本宮市","モトミヤシ","1",,,,
"0073016","7","桑折町","コオリマチ","0",,,,
"0073032","7","国見町","クニミマチ","0",,,,
"0073083","7","川俣町","カワマタマチ","0",,,,
"0073229","7","大玉村","オオタマムラ","0",,,,
"0073423","7","鏡石町","カガミイシマチ","0",,,,
"0073440","7","天栄村","テンエイムラ","0",,,,
"0073628","7","下郷町","シモゴウマチ","0",,,,
"0073644","7","檜枝岐村","ヒノエマタムラ","0",,,,
"0073679","7","只見町","タダミマチ","0",,,,
"0073687","7","南会津町","ミナミアイヅマチ","0",,,,
"0074021","7","北塩原村","キタシオバラムラ","0",,,,
"0074055","7","西会津町","ニシアイヅマチ","0",,,,
"0074071","7","磐梯町","バンダイマチ","0",,,,
"0074080","7","猪苗代町","イナワシロマチ","0",,,,
"0074217","7","会津坂下町","アイヅバンゲマチ","0",,,,
"0074225","7","湯川村","ユガワムラ","0",,,,
"0074233","7","柳津町","ヤナイヅマチ","0",,,,
"0074446","7","三島町","ミシママチ","0",,,,
"0074454","7","金山町","カネヤママチ","0",,,,
"0074462","7","昭和村","ショウワムラ","0",,,,
"0074471","7","会津美里町","アイヅミサトマチ","0",,,,
"0074616","7","西郷村","ニシゴウムラ","0",,,,
"0074641","7","泉崎村","イズミザキムラ","0",,,,
"0074659","7","中島村","ナカジマムラ","0",,,,
"0074667","7","矢吹町","ヤブキマチ","0",,,,
"0074811","7","棚倉町","タナグラマチ","0",,,,
"0074829","7","矢祭町","ヤマツリマチ","0",,,,
"0074837","7","塙町","ハナワマチ","0",,,,
"0074845","7","鮫川村","サメガワムラ","0",,,,
"0075019","7","石川町","イシカワマチ","0",,,,
"0075027","7","玉川村","タマカワムラ","0",,,,
"0075035","7","平田村","ヒラタムラ","0",,,,
"0075043","7","浅川町","アサカワマチ","0",,,,
"0075051","7","古殿町","フルドノマチ","0",,,,
"0075213","7","三春町","ミハルマチ","0",,,,
"0075221","7","小野町","オノマチ","0",,,,
"0075418","7","広野町","ヒロノマチ","0",,,,
"0075426","7","楢葉町","ナラハマチ","0",,,,
"0075434","7","富岡町","トミオカマチ","0",,,,
"0075442","7","川内村","カワウチムラ","0",,,,
"0075451","7","大熊町","オオクママチ","0",,,,
"0075469","7","双葉町","フタバマチ","0",,,,
"0075477","7","浪江町","ナミエマチ","0",,,,
"0075485","7","葛尾村","カツラオムラ","0",,,,
"0075612","7","新地町","シンチマチ","0",,,,
"0075647","7","飯舘村","イイタテムラ","0",,,,
"0080004","8",,,"X",,,,
"0082015","8","水戸市","ミトシ","1",,,,
"0082023","8","日立市","ヒタチシ","1",,,,
"0082031","8","土浦市","ツチウラシ","1",,,,
"0082040","8","古河市","コガシ","1",,,,
"0082058","8","石岡市","イシオカシ","1",,,,
"0082074","8","結城市","ユウキシ","1",,,,
"0082082","8","龍ケ崎市","リュウガサキシ","1",,,,
"0082104","8","下妻市","シモツマシ","1",,,,
"0082112","8","常総市","ジョウソウシ","1",,,,
"0082121","8","常陸太田市","ヒタチオオタシ","1",,,,
"0082147","8","高萩市","タカハギシ","1",,,,
"0082155","8","北茨城市","キタイバラキシ","1",,,,
"0082163","8","笠間市","カサマシ","1",,,,
"0082171","8","取手市","トリデシ","1",,,,
"0082198","8","牛久市","ウシクシ","1",,,,
"0082201","8","つくば市","ツクバシ","1",,,,
"0082210","8","ひたちなか市","ヒタチナカシ","1",,,,
"0082228","8","鹿嶋市","カシマシ","1",,,,
"0082236","8","潮来市","イタコシ","1",,,,
"0082244","8","守谷市","モリヤシ","1",,,,
"0082252","8","常陸大宮市","ヒタチオオミヤシ","1",,,,
"0082261","8","那珂市","ナカシ","1",,,,
"0082279","8","筑西市","チクセイシ","1",,,,
"0082287","8","坂東市","バンドウシ","1",,,,
"0082295","8","稲敷市","イナシキシ","1",,,,
"0082309","8","かすみがうら市","カスミガウラシ","1",,,,
"0082317","8","桜川市","サクラガワシ","1",,,,
"0082325","8","神栖市","カミスシ","1",,,,
"0082333","8","行方市","ナメガタシ","1",,,,
"0082341","8","鉾田市","ホコタシ","1",,,,
"0082350","8","つくばみらい市","ツクバミライシ","1",,,,
"0082368","8","小美玉市","オミタマシ","1",,,,
"0083020","8","茨城町","イバラキマチ","0",,,,
"0083097","8","大洗町","オオアライマチ","0",,,,
"0083101","8","城里町","シロサトマチ","0",,,,
"0083411","8","東海村","トウカイムラ","0",,,,
"0083640","8","大子町","ダイゴマチ","0",,,,
"0084425","8","美浦村","ミホムラ","0",,,,
"0084433","8","阿見町","アミマチ","0",,,,
"0084476","8","河内町","カワチマチ","0",,,,
"0085219","8","八千代町","ヤチヨマチ","0",,,,
"0085421","8","五霞町","ゴカマチ","0",,,,
"0085464","8","境町","サカイマチ","0",,,,
"0085642","8","利根町","トネマチ","0",,,,
"0090000","9",,,"X",,,,
"0092011","9","宇都宮市","ウツノミヤシ","1",,,,
"0092029","9","足利市","アシカガシ","1",,,,
"0092037","9","栃木市","トチギシ","1",,,,
"0092045","9","佐野市","サノシ","1",,,,
"0092053","9","鹿沼市","カヌマシ","1",,,,
"0092061","9","日光市","ニッコウシ","1",,,,
"0092088","9","小山市","オヤマシ","1",,,,
"0092096","9","真岡市","モオカシ","1",,,,
"0092100","9","大田原市","オオタワラシ","1",,,,
"0092118","9","矢板市","ヤイタシ","1",,,,
"0092134","9","那須塩原市","ナスシオバラシ","1",,,,
"0092142","9","さくら市","サクラシ","1",,,,
"0092151","9","那須烏山市","ナスカラスヤマシ","1",,,,
"0092169","9","下野市","シモツケシ","1",,,,
"0093017","9","上三川町","カミノカワマチ","0",,,,
"0093424","9","益子町","マシコマチ","0",,,,
"0093432","9","茂木町","モテギマチ","0",,,,
"0093441","9","市貝町","イチカイマチ","0",,,,
"0093459","9","芳賀町","ハガマチ","0",,,,
"0093611","9","壬生町","ミブマチ","0",,,,
"0093645","9","野木町","ノギマチ","0",,,,
"0093840","9","塩谷町","シオヤマチ","0",,,,
"0093866","9","高根沢町","タカネザワマチ","0",,,,
"0094072","9","那須町","ナスマチ","0",,,,
"0094111","9","那珂川町","ナカガワマチ","0",,,,
"0100005","10",,,"X",,,,
"0102016","10","前橋市","マエバシシ","1",,,,
"0102024","10","高崎市","タカサキシ","1",,,,
"0102032","10","桐生市","キリュウシ","1",,,,
"0102041","10","伊勢崎市","イセサキシ","1",,,,
"0102059","10","太田市","オオタシ","1",,,,
"0102067","10","沼田市","ヌマタシ","1",,,,
"0102075","10","館林市","タテバヤシシ","1",,,,
"0102083","10","渋川市","シブカワシ","1",,,,
"0102091","10","藤岡市","フジオカシ","1",,,,
"0102105","10","富岡市","トミオカシ","1",,,,
"0102113","10","安中市","アンナカシ","1",,,,
"0102121","10","みどり市","ミドリシ","1",,,,
"0103446","10","榛東村","シントウムラ","0",,,,
"0103454","10","吉岡町","ヨシオカマチ","0",,,,
"0103667","10","上野村","ウエノムラ","0",,,,
"0103675","10","神流町","カンナマチ","0",,,,
"0103829","10","下仁田町","シモニタマチ","0",,,,
"0103837","10","南牧村","ナンモクムラ","0",,,,
"0103845","10","甘楽町","カンラマチ","0",,,,
"0104213","10","中之条町","ナカノジヨウマチ","0",,,,
"0104248","10","長野原町","ナガノハラマチ","0",,,,
"0104256","10","嬬恋村","ツマゴイムラ","0",,,,
"0104264","10","草津町","クサツマチ","0",,,,
"0104281","10","高山村","タカヤマムラ","0",,,,
"0104299","10","東吾妻町","ヒガシアズママチ","0",,,,
"0104434","10","片品村","カタシナムラ","0",,,,
"0104442","10","川場村","カワバムラ","0",,,,
"0104485","10","昭和村","ショウワムラ","0",,,,
"0104493","10","みなかみ町","ミナカミマチ","0",,,,
"0104647","10","玉村町","タマムラマチ","0",,,,
"0105210","10","板倉町","イタクラマチ","0",,,,
"0105228","10","明和町","メイワマチ","0",,,,
"0105236","10","千代田町","チヨダマチ","0",,,,
"0105244","10","大泉町","オオイズミマチ","0",,,,
"0105252","10","邑楽町","オウラマチ","0",,,,
"0110001","11",,,"X",,,,
"0111007","11","さいたま市","サイタマシ","1",,,,
"0111015","11","さいたま市西区","サイタマシニシク","1",,,,
"0111023","11","さいたま市北区","サイタマシキタク","1",,,,
"0111031","11","さいたま市大宮区","サイタマシオオミヤク","1",,,,
"0111040","11","さいたま市見沼区","サイタマシミヌマク","1",,,,
"0111058","11","さいたま市中央区","サイタマシチュウオウク","1",,,,
"0111066","11","さいたま市桜区","サイタマシサクラク","1",,,,
"0111074","11","さいたま市浦和区","サイタマシウラワク","1",,,,
"0111082","11","さいたま市南区","サイタマシミナミク","1",,,,
"0111091","11","さいたま市緑区","サイタマシミドリク","1",,,,
"0111104","11","さいたま市岩槻区","サイタマシイワツキク","1",,,,
"0112011","11","川越市","カワゴエシ","1",,,,
"0112020","11","熊谷市","クマガヤシ","1",,,,
"0112038","11","川口市","カワグチシ","1",,,,
"0112062","11","行田市","ギヨウダシ","1",,,,
"0112071","11","秩父市","チチブシ","1",,,,
"0112089","11","所沢市","トコロザワシ","1",,,,
"0112097","11","飯能市","ハンノウシ","1",,,,
"0112101","11","加須市","カゾシ","1",,,,
"0112119","11","本庄市","ホンジヨウシ","1",,,,
"0112127","11","東松山市","ヒガシマツヤマシ","1",,,,
"0112143","11","春日部市","カスカベシ","1",,,,
"0112151","11","狭山市","サヤマシ","1",,,,
"0112160","11","羽生市","ハニユウシ","1",,,,
"0112178","11","鴻巣市","コウノスシ","1",,,,
"0112186","11","深谷市","フカヤシ","1",,,,
"0112194","11","上尾市","アゲオシ","1",,,,
"0112216","11","草加市","ソウカシ","1",,,,
"0112224","11","越谷市","コシガヤシ","1",,,,
"0112232","11","蕨市","ワラビシ","1",,,,
"0112241","11","戸田市","トダシ","1",,,,
"0112259","11","入間市","イルマシ","1",,,,
"0112275","11","朝霞市","アサカシ","1",,,,
"0112283","11","志木市","シキシ","1",,,,
"0112291","11","和光市","ワコウシ","1",,,,
"0112305","11","新座市","ニイザシ","1",,,,
"0112313","11","桶川市","オケガワシ","1",,,,
"0112321","11","久喜市","クキシ","1",,,,
"0112330","11","北本市","キタモトシ","1",,,,
"0112348","11","八潮市","ヤシオシ","1",,,,
"0112356","11","富士見市","フジミシ","1",,,,
"0112372","11","三郷市","ミサトシ","1",,,,
"0112381","11","蓮田市","ハスダシ","1",,,,
"0112399","11","坂戸市","サカドシ","1",,,,
"0112402","11","幸手市","サツテシ","1",,,,
"0112411","11","鶴ヶ島市","ツルガシマシ","1",,,,
"0112429","11","日高市","ヒダカシ","1",,,,
"0112437","11","吉川市","ヨシカワシ","1",,,,
"0112453","11","ふじみ野市","フジミノシ","1",,,,
"0112461","11","白岡市","シラオカシ","1",,,,
"0113018","11","伊奈町","イナマチ","0",,,,
"0113247","11","三芳町","ミヨシマチ","0",,,,
"0113263","11","毛呂山町","モロヤママチ","0",,,,
"0113271","11","越生町","オゴセマチ","0",,,,
"0113417","11","滑川町","ナメガワマチ","0",,,,
"0113425","11","嵐山町","ランザンマチ","0",,,,
"0113433","11","小川町","オガワマチ","0",,,,
"0113468","11","川島町","カワジママチ","0",,,,
"0113476","11","吉見町","ヨシミマチ","0",,,,
"0113484","11","鳩山町","ハトヤママチ","0",,,,
"0113492","11","ときがわ町","トキガワマチ","0",,,,
"0113611","11","横瀬町","ヨコゼマチ","0",,,,
"0113620","11","皆野町","ミナノマチ","0",,,,
"0113638","11","長瀞町","ナガトロマチ","0",,,,
"0113654","11","小鹿野町","オガノマチ","0",,,,
"0113697","11","東秩父村","ヒガシチチブムラ","0",,,,
"0113816","11","美里町","ミサトマチ","0",,,,
"0113832","11","神川町","カミカワマチ","0",,,,
"0113859","11","上里町","カミサトマチ","0",,,,
"0114081","11","寄居町","ヨリイマチ","0",,,,
"0114421","11","宮代町","ミヤシロマチ","0",,,,
"0114642","11","杉戸町","スギトマチ","0",,,,
"0114651","11","松伏町","マツブシマチ","0",,,,
"0120006","12",,,"X",,,,
"0121002","12","千葉市","チバシ","1",,,,
"0121011","12","千葉市中央区","チバシチュウオウク","1",,,,
"0121029","12","千葉市花見川区","チバシハナミガワク","1",,,,
"0121037","12","千葉市稲毛区","チバシイナゲク","1",,,,
"0121045","12","千葉市若葉区","チバシワカバク","1",,,,
"0121053","12","千葉市緑区","チバシミドリク","1",,,,
"0121061","12","千葉市美浜区","チバシミハマク","1",,,,
"0122025","12","銚子市","チョウシシ","1",,,,
"0122033","12","市川市","イチカワシ","1",,,,
"0122041","12","船橋市","フナバシシ","1",,,,
"0122050","12","館山市","タテヤマシ","1",,,,
"0122068","12","木更津市","キサラヅシ","1",,,,
"0122076","12","松戸市","マツドシ","1",,,,
"0122084","12","野田市","ノダシ","1",,,,
"0122106","12","茂原市","モバラシ","1",,,,
"0122114","12","成田市","ナリタシ","1",,,,
"0122122","12","佐倉市","サクラシ","1",,,,
"0122131","12","東金市","トウガネシ","1",,,,
"0122157","12","旭市","アサヒシ","1",,,,
"0122165","12","習志野市","ナラシノシ","1",,,,
"0122173","12","柏市","カシワシ","1",,,,
"0122181","12","勝浦市","カツウラシ","1",,,,
"0122190","12","市原市","イチハラシ","1",,,,
"0122203","12","流山市","ナガレヤマシ","1",,,,
"0122211","12","八千代市","ヤチヨシ","1",,,,
"0122220","12","我孫子市","アビコシ","1",,,,
"0122238","12","鴨川市","カモガワシ","1",,,,
"0122246","12","鎌ケ谷市","カマガヤシ","1",,,,
"0122254","12","君津市","キミツシ","1",,,,
"0122262","12","富津市","フツツシ","1",,,,
"0122271","12","浦安市","ウラヤスシ","1",,,,
"0122289","12","四街道市","ヨツカイドウシ","1",,,,
"0122297","12","袖ケ浦市","ソデガウラシ","1",,,,
"0122301","12","八街市","ヤチマタシ","1",,,,
"0122319","12","印西市","インザイシ","1",,,,
"0122327","12","白井市","シロイシ","1",,,,
"0122335","12","富里市","トミサトシ","1",,,,
"0122343","12","南房総市","ミナミボウソウシ","1",,,,
"0122351","12","匝瑳市","ソウサシ","1",,,,
"0122360","12","香取市","カトリシ","1",,,,
"0122378","12","山武市","サンムシ","1",,,,
"0122386","12","いすみ市","イスミシ","1",,,,
"0122394","12","大網白里市","オオアミシラサトシ","1",,,,
"0123226","12","酒々井町","シスイマチ","0",,,,
"0123293","12","栄町","サカエマチ","0",,,,
"0123421","12","神崎町","コウザキマチ","0",,,,
"0123471","12","多古町","タコマチ","0",,,,
"0123498","12","東庄町","トウノショウマチ","0",,,,
"0124036","12","九十九里町","クジユウクリマチ","0",,,,
"0124095","12","芝山町","シバヤママチ","0",,,,
"0124109","12","横芝光町","ヨコシバヒカリマチ","0",,,,
"0124214","12","一宮町","イチノミヤマチ","0",,,,
"0124222","12","睦沢町","ムツザワマチ","0",,,,
"0124231","12","長生村","チョウセイムラ","0",,,,
"0124249","12","白子町","シラコマチ","0",,,,
"0124265","12","長柄町","ナガラマチ","0",,,,
"0124273","12","長南町","チョウナンマチ","0",,,,
"0124419","12","大多喜町","オオタキマチ","0",,,,
"0124435","12","御宿町","オンジユクマチ","0",,,,
"0124630","12","鋸南町","キヨナンマチ","0",,,,
"0130001","13",,,"X",,,,
"0131016","13","千代田区","チヨダク","1",,,,
"0131024","13","中央区","チュウオウク","1",,,,
"0131032","13","港区","ミナトク","1",,,,
"0131041","13","新宿区","シンジュクク","1",,,,
"0131059","13","文京区","ブンキョウク","1",,,,
"0131067","13","台東区","タイトウク","1",,,,
"0131075","13","墨田区","スミダク","1",,,,
"0131083","13","江東区","コウトウク","1",,,,
"0131091","13","品川区","シナガワク","1",,,,
"0131105","13","目黒区","メグロク","1",,,,
"0131113","13","大田区","オオタク","1",,,,
"0131121","13","世田谷区","セタガヤク","1",,,,
"0131130","13","渋谷区","シブヤク","1",,,,
"0131148","13","中野区","ナカノク","1",,,,
"0131156","13","杉並区","スギナミク","1",,,,
"0131164","13","豊島区","トシマク","1",,,,
"0131172","13","北区","キタク","1",,,,
"0131181","13","荒川区","アラカワク","1",,,,
"0131199","13","板橋区","イタバシク","1",,,,
"0131202","13","練馬区","ネリマク","1",,,,
"0131211","13","足立区","アダチク","1",,,,
"0131229","13","葛飾区","カツシカク","1",,,,
"0131237","13","江戸川区","エドガワク","1",,,,
"0132012","13","八王子市","ハチオウジシ","1",,,,
"0132021","13","立川市","タチカワシ","1",,,,
"0132039","13","武蔵野市","ムサシノシ","1",,,,
"0132047","13","三鷹市","ミタカシ","1",,,,
"0132055","13","青梅市","オウメシ","1",,,,
"0132063","13","府中市","フチュウシ","1",,,,
"0132071","13","昭島市","アキシマシ","1",,,,
"0132080","13","調布市","チョウフシ","1",,,,
"0132098","13","町田市","マチダシ","1",,,,
"0132101","13","小金井市","コガネイシ","1",,,,
"0132110","13","小平市","コダイラシ","1",,,,
"0132128","13","日野市","ヒノシ","1",,,,
"0132136","13","東村山市","ヒガシムラヤマシ","1",,,,
"0132144","13","国分寺市","コクブンジシ","1",,,,
"0132152","13","国立市","クニタチシ","1",,,,
"0132187","13","福生市","フツサシ","1",,,,
"0132195","13","狛江市","コマエシ","1",,,,
"0132209","13","東大和市","ヒガシヤマトシ","1",,,,
"0132217","13","清瀬市","キヨセシ","1",,,,
"0132225","13","東久留米市","ヒガシクルメシ","1",,,,
"0132233","13","武蔵村山市","ムサシムラヤマシ","1",,,,
"0132241","13","多摩市","タマシ","1",,,,
"0132250","13","稲城市","イナギシ","1",,,,
"0132276","13","羽村市","ハムラシ","1",,,,
"0132284","13","あきる野市","アキルノシ","1",,,,
"0132292","13","西東京市","ニシトウキョウシ","1",,,,
"0133035","13","瑞穂町","ミズホマチ","0",,,,
"0133051","13","日の出町","ヒノデマチ","0",,,,
"0133078","13","檜原村","ヒノハラムラ","0",,,,
"0133086","13","奥多摩町","オクタママチ","0",,,,
"0133612","13","大島町","オオシママチ","0",,,,
"0133621","13","利島村","トシマムラ","0",,,,
"0133639","13","新島村","ニイジマムラ","0",,,,
"0133647","13","神津島村","コウヅシマムラ","0",,,,
"0133817","13","三宅村","ミヤケムラ","0",,,,
"0133825","13","御蔵島村","ミクラジマムラ","0",,,,
"0134015","13","八丈町","ハチジョウマチ","0",,,,
"0134023","13","青ヶ島村","アオガシマムラ","0",,,,
"0134210","13","小笠原村","オガサワラムラ","0",,,,
"0140007","14",,,"X",,,,
"0141003","14","横浜市","ヨコハマシ","1",,,,
"0141011","14","横浜市鶴見区","ヨコハマシツルミク","1",,,,
"0141020","14","横浜市神奈川区","ヨコハマシカナガワク","1",,,,
"0141038","14","横浜市西区","ヨコハマシニシク","1",,,,
"0141046","14","横浜市中区","ヨコハマシナカク","1",,,,
"0141054","14","横浜市南区","ヨコハマシミナミク","1",,,,
"0141062","14","横浜市保土ケ谷区","ヨコハマシホドガヤク","1",,,,
"0141071","14","横浜市磯子区","ヨコハマシイソゴク","1",,,,
"0141089","14","横浜市金沢区","ヨコハマシカナザワク","1",,,,
"0141097","14","横浜市港北区","ヨコハマシコウホクク","1",,,,
"0141101","14","横浜市戸塚区","ヨコハマシトツカク","1",,,,
"0141119","14","横浜市港南区","ヨコハマシコウナンク","1",,,,
"0141127","14","横浜市旭区","ヨコハマシアサヒク","1",,,,
"0141135","14","横浜市緑区","ヨコハマシミドリク","1",,,,
"0141143","14","横浜市瀬谷区","ヨコハマシセヤク","1",,,,
"0141151","14","横浜市栄区","ヨコハマシサカエク","1",,,,
"0141160","14","横浜市泉区","ヨコハマシイズミク","1",,,,
"0141178","14","横浜市青葉区","ヨコハマシアオバク","1",,,,
"0141186","14","横浜市都筑区","ヨコハマシツヅキク","1",,,,
"0141305","14","川崎市","カワサキシ","1",,,,
"0141313","14","川崎市川崎区","カワサキシカワサキク","1",,,,
"0141321","14","川崎市幸区","カワサキシサイワイク","1",,,,
"0141330","14","川崎市中原区","カワサキシナカハラク","1",,,,
"0141348","14","川崎市高津区","カワサキシタカツク","1",,,,
"0141356","14","川崎市多摩区","カワサキシタマク","1",,,,
"0141364","14","川崎市宮前区","カワサキシミヤマエク","1",,,,
"0141372","14","川崎市麻生区","カワサキシアサオク","1",,,,
"0141500","14","相模原市","サガミハラシ","1",,,,
"0141518","14","相模原市緑区","サガミハラシミドリク","1",,,,
"0141526","14","相模原市中央区","サガミハラシチュウオウク","1",,,,
"0141534","14","相模原市南区","サガミハラシミナミク","1",,,,
"0142018","14","横須賀市","ヨコスカシ","1",,,,
"0142034","14","平塚市","ヒラツカシ","1",,,,
"0142042","14","鎌倉市","カマクラシ","1",,,,
"0142051","14","藤沢市","フジサワシ","1",,,,
"0142069","14","小田原市","オダワラシ","1",,,,
"0142077","14","茅ヶ崎市","チガサキシ","1",,,,
"0142085","14","逗子市","ズシシ","1",,,,
"0142107","14","三浦市","ミウラシ","1",,,,
"0142115","14","秦野市","ハダノシ","1",,,,
"0142123","14","厚木市","アツギシ","1",,,,
"0142131","14","大和市","ヤマトシ","1",,,,
"0142140","14","伊勢原市","イセハラシ","1",,,,
"0142158","14","海老名市","エビナシ","1",,,,
"0142166","14","座間市","ザマシ","1",,,,
"0142174","14","南足柄市","ミナミアシガラシ","1",,,,
"0142182","14","綾瀬市","アヤセシ","1",,,,
"0143014","14","葉山町","ハヤママチ","0",,,,
"0143219","14","寒川町","サムカワマチ","0",,,,
"0143413","14","大磯町","オオイソマチ","0",,,,
"0143421","14","二宮町","ニノミヤマチ","0",,,,
"0143618","14","中井町","ナカイマチ","0",,,,
"0143626","14","大井町","オオイマチ","0",,,,
"0143634","14","松田町","マツダマチ","0",,,,
"0143642","14","山北町","ヤマキタマチ","0",,,,
"0143669","14","開成町","カイセイマチ","0",,,,
"0143821","14","箱根町","ハコネマチ","0",,,,
"0143839","14","真鶴町","マナツルマチ","0",,,,
"0143847","14","湯河原町","ユガワラマチ","0",,,,
"0144011","14","愛川町","アイカワマチ","0",,,,
"0144029","14","清川村","キヨカワムラ","0",,,,
"0150002","15",,,"X",,,,
"0151009","15","新潟市","ニイガタシ","1",,,,
"0151017","15","新潟市北区","ニイガタシキタク","1",,,,
"0151025","15","新潟市東区","ニイガタシヒガシク","1",,,,
"0151033","15","新潟市中央区","ニイガタシチュウオウク","1",,,,
"0151041","15","新潟市江南区","ニイガタシコウナンク","1",,,,
"0151050","15","新潟市秋葉区","ニイガタシアキハク","1",,,,
"0151068","15","新潟市南区","ニイガタシミナミク","1",,,,
"0151076","15","新潟市西区","ニイガタシニシク","1",,,,
"0151084","15","新潟市西蒲区","ニイガタシニシカンク","1",,,,
"0152021","15","長岡市","ナガオカシ","1",,,,
"0152048","15","三条市","サンジョウシ","1",,,,
"0152056","15","柏崎市","カシワザキシ","1",,,,
"0152064","15","新発田市","シバタシ","1",,,,
"0152081","15","小千谷市","オヂヤシ","1",,,,
"0152099","15","加茂市","カモシ","1",,,,
"0152102","15","十日町市","トオカマチシ","1",,,,
"0152111","15","見附市","ミツケシ","1",,,,
"0152129","15","村上市","ムラカミシ","1",,,,
"0152137","15","燕市","ツバメシ","1",,,,
"0152161","15","糸魚川市","イトイガワシ","1",,,,
"0152170","15","妙高市","ミョウコウシ","1",,,,
"0152188","15","五泉市","ゴセンシ","1",,,,
"0152226","15","上越市","ジョウエツシ","1",,,,
"0152234","15","阿賀野市","アガノシ","1",,,,
"0152242","15","佐渡市","サドシ","1",,,,
"0152251","15","魚沼市","ウオヌマシ","1",,,,
"0152269","15","南魚沼市","ミナミウオヌマシ","1",,,,
"0152277","15","胎内市","タイナイシ","1",,,,
"0153079","15","聖籠町","セイロウマチ","0",,,,
"0153427","15","弥彦村","ヤヒコムラ","0",,,,
"0153613","15","田上町","タガミマチ","0",,,,
"0153851","15","阿賀町","アガマチ","0",,,,
"0154059","15","出雲崎町","イズモザキマチ","0",,,,
"0154610","15","湯沢町","ユザワマチ","0",,,,
"0154822","15","津南町","ツナンマチ","0",,,,
"0155047","15","刈羽村","カリワムラ","0",,,,
"0155811","15","関川村","セキカワムラ","0",,,,
"0155861","15","粟島浦村","アワシマウラムラ","0",,,,
"0160008","16",,,"X",,,,
"0162019","16","富山市","トヤマシ","1",,,,
"0162027","16","高岡市","タカオカシ","1",,,,
"0162043","16","魚津市","ウオヅシ","1",,,,
"0162051","16","氷見市","ヒミシ","1",,,,
"0162060","16","滑川市","ナメリカワシ","1",,,,
"0162078","16","黒部市","クロベシ","1",,,,
"0162086","16","砺波市","トナミシ","1",,,,
"0162094","16","小矢部市","オヤベシ","1",,,,
"0162108","16","南砺市","ナントシ","1",,,,
"0162116","16","射水市","イミズシ","1",,,,
"0163210","16","舟橋村","フナハシムラ","0",,,,
"0163228","16","上市町","カミイチマチ","0",,,,
"0163236","16","立山町","タテヤママチ","0",,,,
"0163422","16","入善町","ニュウゼンマチ","0",,,,
"0163431","16","朝日町","アサヒマチ","0",,,,
"0170003","17",,,"X",,,,
"0172014","17","金沢市","カナザワシ","1",,,,
"0172022","17","七尾市","ナナオシ","1",,,,
"0172031","17","小松市","コマツシ","1",,,,
"0172049","17","輪島市","ワジマシ","1",,,,
"0172057","17","珠洲市","スズシ","1",,,,
"0172065","17","加賀市","カガシ","1",,,,
"0172073","17","羽咋市","ハクイシ","1",,,,
"0172090","17","かほく市","カホクシ","1",,,,
"0172103","17","白山市","ハクサンシ","1",,,,
"0172111","17","能美市","ノミシ","1",,,,
"0172120","17","野々市市","ノノイチシ","1",,,,
"0173240","17","川北町","カワキタマチ","0",,,,
"0173614","17","津幡町","ツバタマチ","0",,,,
"0173657","17","内灘町","ウチナダマチ","0",,,,
"0173843","17","志賀町","シカマチ","0",,,,
"0173860","17","宝達志水町","ホウダツシミズチョウ","0",,,,
"0174076","17","中能登町","ナカノトマチ","0",,,,
"0174611","17","穴水町","アナミズマチ","0",,,,
"0174637","17","能登町","ノトチョウ","0",,,,
"0180009","18",,,"X",,,,
"0182010","18","福井市","フクイシ","1",,,,
"0182028","18","敦賀市","ツルガシ","1",,,,
"0182044","18","小浜市","オバマシ","1",,,,
"0182052","18","大野市","オオノシ","1",,,,
"0182061","18","勝山市","カツヤマシ","1",,,,
"0182079","18","鯖江市","サバエシ","1",,,,
"0182087","18","あわら市","アワラシ","1",,,,
"0182095","18","越前市","エチゼンシ","1",,,,
"0182109","18","坂井市","サカイシ","1",,,,
"0183229","18","永平寺町","エイヘイジチョウ","0",,,,
"0183822","18","池田町","イケダチョウ","0",,,,
"0184047","18","南越前町","ミナミエチゼンチョウ","0",,,,
"0184233","18","越前町","エチゼンチョウ","0",,,,
"0184420","18","美浜町","ミハマチョウ","0",,,,
"0184811","18","高浜町","タカハマチョウ","0",,,,
"0184837","18","おおい町","オオイチョウ","0",,,,
"0185019","18","若狭町","ワカサチョウ","0",,,,
"0190004","19",,,"X",,,,
"0192015","19","甲府市","コウフシ","1",,,,
"0192023","19","富士吉田市","フジヨシダシ","1",,,,
"0192040","19","都留市","ツルシ","1",,,,
"0192058","19","山梨市","ヤマナシシ","1",,,,
"0192066","19","大月市","オオツキシ","1",,,,
"0192074","19","韮崎市","ニラサキシ","1",,,,
"0192082","19","南アルプス市","ミナミアルプスシ","1",,,,
"0192091","19","北杜市","ホクトシ","1",,,,
"0192104","19","甲斐市","カイシ","1",,,,
"0192112","19","笛吹市","フエフキシ","1",,,,
"0192121","19","上野原市","ウエノハラシ","1",,,,
"0192139","19","甲州市","コウシュウシ","1",,,,
"0192147","19","中央市","チュウオウシ","1",,,,
"0193461","19","市川三郷町","イチカワミサトチョウ","0",,,,
"0193640","19","早川町","ハヤカワチョウ","0",,,,
"0193658","19","身延町","ミノブチョウ","0",,,,
"0193666","19","南部町","ナンブチョウ","0",,,,
"0193682","19","富士川町","フジカワチョウ","0",,,,
"0193844","19","昭和町","ショウワチョウ","0",,,,
"0194221","19","道志村","ドウシムラ","0",,,,
"0194239","19","西桂町","ニシカツラチョウ","0",,,,
"0194247","19","忍野村","オシノムラ","0",,,,
"0194255","19","山中湖村","ヤマナカコムラ","0",,,,
"0194298","19","鳴沢村","ナルサワムラ","0",,,,
"0194301","19","富士河口湖町","フジカワグチコマチ","0",,,,
"0194425","19","小菅村","コスゲムラ","0",,,,
"0194433","19","丹波山村","タバヤマムラ","0",,,,
"0200000","20",,,"X",,,,
"0202011","20","長野市","ナガノシ","1",,,,
"0202029","20","松本市","マツモトシ","1",,,,
"0202037","20","上田市","ウエダシ","1",,,,
"0202045","20","岡谷市","オカヤシ","1",,,,
"0202053","20","飯田市","イイダシ","1",,,,
"0202061","20","諏訪市","スワシ","1",,,,
"0202070","20","須坂市","スザカシ","1",,,,
"0202088","20","小諸市","コモロシ","1",,,,
"0202096","20","伊那市","イナシ","1",,,,
"0202100","20","駒ヶ根市","コマガネシ","1",,,,
"0202118","20","中野市","ナカノシ","1",,,,
"0202126","20","大町市","オオマチシ","1",,,,
"0202134","20","飯山市","イイヤマシ","1",,,,
"0202142","20","茅野市","チノシ","1",,,,
"0202151","20","塩尻市","シオジリシ","1",,,,
"0202177","20","佐久市","サクシ","1",,,,
"0202185","20","千曲市","チクマシ","1",,,,
"0202193","20","東御市","トウミシ","1",,,,
"0202207","20","安曇野市","アヅミノシ","1",,,,
"0203033","20","小海町","コウミマチ","0",,,,
"0203041","20","川上村","カワカミムラ","0",,,,
"0203050","20","南牧村","ミナミマキムラ","0",,,,
"0203068","20","南相木村","ミナミアイキムラ","0",,,,
"0203076","20","北相木村","キタアイキムラ","0",,,,
"0203092","20","佐久穂町","サクホマチ","0",,,,
"0203211","20","軽井沢町","カルイザワマチ","0",,,,
"0203238","20","御代田町","ミヨタマチ","0",,,,
"0203246","20","立科町","タテシナマチ","0",,,,
"0203491","20","青木村","アオキムラ","0",,,,
"0203505","20","長和町","ナガワマチ","0",,,,
"0203611","20","下諏訪町","シモスワマチ","0",,,,
"0203629","20","富士見町","フジミマチ","0",,,,
"0203637","20","原村","ハラムラ","0",,,,
"0203823","20","辰野町","タツノマチ","0",,,,
"0203831","20","箕輪町","ミノワマチ","0",,,,
"0203840","20","飯島町","イイジママチ","0",,,,
"0203858","20","南箕輪村","ミナミミノワムラ","0",,,,
"0203866","20","中川村","ナカガワムラ","0",,,,
"0203882","20","宮田村","ミヤダムラ","0",,,,
"0204021","20","松川町","マツカワマチ","0",,,,
"0204030","20","高森町","タカモリマチ","0",,,,
"0204048","20","阿南町","アナンチョウ","0",,,,
"0204072","20","阿智村","アチムラ","0",,,,
"0204099","20","平谷村","ヒラヤムラ","0",,,,
"0204102","20","根羽村","ネバムラ","0",,,,
"0204111","20","下條村","シモジョウムラ","0",,,,
"0204129","20","売木村","ウルギムラ","0",,,,
"0204137","20","天龍村","テンリュウムラ","0",,,,
"0204145","20","泰阜村","ヤスオカムラ","0",,,,
"0204153","20","喬木村","タカギムラ","0",,,,
"0204161","20","豊丘村","トヨオカムラ","0",,,,
"0204170","20","大鹿村","オオシカムラ","0",,,,
"0204226","20","上松町","アゲマツマチ","0",,,,
"0204234","20","南木曽町","ナギソマチ","0",,,,
"0204251","20","木祖村","キソムラ","0",,,,
"0204293","20","王滝村","オウタキムラ","0",,,,
"0204307","20","大桑村","オオクワムラ","0",,,,
"0204323","20","木曽町","キソマチ","1",,,,
"0204463","20","麻績村","オミムラ","0",,,,
"0204480","20","生坂村","イクサカムラ","0",,,,
"0204501","20","山形村","ヤマガタムラ","0",,,,
"0204510","20","朝日村","アサヒムラ","0",,,,
"0204528","20","筑北村","チクホクムラ","0",,,,
"0204811","20","池田町","イケダマチ","0",,,,
"0204820","20","松川村","マツカワムラ","0",,,,
"0204854","20","白馬村","ハクバムラ","0",,,,
"0204862","20","小谷村","オタリムラ","0",,,,
"0205214","20","坂城町","サカキマチ","0",,,,
"0205419","20","小布施町","オブセマチ","0",,,,
"0205435","20","高山村","タカヤマムラ","0",,,,
"0205613","20","山ノ内町","ヤマノウチマチ","0",,,,
"0205621","20","木島平村","キジマダイラムラ","0",,,,
"0205630","20","野沢温泉村","ノザワオンセンムラ","0",,,,
"0205834","20","信濃町","シナノマチ","0",,,,
"0205885","20","小川村","オガワムラ","0",,,,
"0205907","20","飯綱町","イイヅナマチ","0",,,,
"0206024","20","栄村","サカエムラ","0",,,,
"0210005","21",,,"X",,,,
"0212016","21","岐阜市","ギフシ","1",,,,
"0212024","21","大垣市","オオガキシ","1",,,,
"0212032","21","高山市","タカヤマシ","1",,,,
"0212041","21","多治見市","タジミシ","1",,,,
"0212059","21","関市","セキシ","1",,,,
"0212067","21","中津川市","ナカツガワシ","1",,,,
"0212075","21","美濃市","ミノシ","1",,,,
"0212083","21","瑞浪市","ミズナミシ","1",,,,
"0212091","21","羽島市","ハシマシ","1",,,,
"0212105","21","恵那市","エナシ","1",,,,
"0212113","21","美濃加茂市","ミノカモシ","1",,,,
"0212121","21","土岐市","トキシ","1",,,,
"0212130","21","各務原市","カカミガハラシ","1",,,,
"0212148","21","可児市","カニシ","1",,,,
"0212156","21","山県市","ヤマガタシ","1",,,,
"0212164","21","瑞穂市","ミズホシ","1",,,,
"0212172","21","飛騨市","ヒダシ","1",,,,
"0212181","21","本巣市","モトスシ","1",,,,
"0212199","21","郡上市","グジョウシ","1",,,,
"0212202","21","下呂市","ゲロシ","1",,,,
"0212211","21","海津市","カイヅシ","1",,,,
"0213021","21","岐南町","ギナンチョウ","0",,,,
"0213039","21","笠松町","カサマツチョウ","0",,,,
"0213411","21","養老町","ヨウロウチョウ","0",,,,
"0213616","21","垂井町","タルイチョウ","0",,,,
"0213624","21","関ケ原町","セキガハラチョウ","0",,,,
"0213811","21","神戸町","ゴウドチョウ","0",,,,
"0213829","21","輪之内町","ワノウチチョウ","0",,,,
"0213837","21","安八町","アンパチチョウ","0",,,,
"0214019","21","揖斐川町","イビガワチョウ","0",,,,
"0214035","21","大野町","オオノチョウ","0",,,,
"0214043","21","池田町","イケダチョウ","0",,,,
"0214213","21","北方町","キタガタチョウ","0",,,,
"0215015","21","坂祝町","サカホギチョウ","0",,,,
"0215023","21","富加町","トミカチョウ","0",,,,
"0215031","21","川辺町","カワベチョウ","0",,,,
"0215040","21","七宗町","ヒチソウチョウ","0",,,,
"0215058","21","八百津町","ヤオツチョウ","0",,,,
"0215066","21","白川町","シラカワチョウ","0",,,,
"0215074","21","東白川村","ヒガシシラカワムラ","0",,,,
"0215210","21","御嵩町","ミタケチョウ","0",,,,
"0216046","21","白川村","シラカワムラ","0",,,,
"0220001","22",,,"X",,,,
"0221007","22","静岡市","シズオカシ","1",,,,
"0221015","22","静岡市葵区","シズオカシアオイク","1",,,,
"0221023","22","静岡市駿河区","シズオカシスルガク","1",,,,
"0221031","22","静岡市清水区","シズオカシシミズク","1",,,,
"0221309","22","浜松市","ハママツシ","1",,,,
"0221317","22","浜松市中区","ハママツシナカク","1",,,,
"0221325","22","浜松市東区","ハママツシヒガシク","1",,,,
"0221333","22","浜松市西区","ハママツシニシク","1",,,,
"0221341","22","浜松市南区","ハママツシミナミク","1",,,,
"0221350","22","浜松市北区","ハママツシキタク","1",,,,
"0221368","22","浜松市浜北区","ハママツシハマキタク","1",,,,
"0221376","22","浜松市天竜区","ハママツシテンリュウク","1",,,,
"0222038","22","沼津市","ヌマヅシ","1",,,,
"0222054","22","熱海市","アタミシ","1",,,,
"0222062","22","三島市","ミシマシ","1",,,,
"0222071","22","富士宮市","フジノミヤシ","1",,,,
"0222089","22","伊東市","イトウシ","1",,,,
"0222097","22","島田市","シマダシ","1",,,,
"0222101","22","富士市","フジシ","1",,,,
"0222119","22","磐田市","イワタシ","1",,,,
"0222127","22","焼津市","ヤイヅシ","1",,,,
"0222135","22","掛川市","カケガワシ","1",,,,
"0222143","22","藤枝市","フジエダシ","1",,,,
"0222151","22","御殿場市","ゴテンバシ","1",,,,
"0222160","22","袋井市","フクロイシ","1",,,,
"0222194","22","下田市","シモダシ","1",,,,
"0222208","22","裾野市","スソノシ","1",,,,
"0222216","22","湖西市","コサイシ","1",,,,
"0222224","22","伊豆市","イズシ","1",,,,
"0222232","22","御前崎市","オマエザキシ","1",,,,
"0222241","22","菊川市","キクガワシ","1",,,,
"0222259","22","伊豆の国市","イズノクニシ","1",,,,
"0222267","22","牧之原市","マキノハラシ","1",,,,
"0223018","22","東伊豆町","ヒガシイズチョウ","0",,,,
"0223026","22","河津町","カワヅチョウ","0",,,,
"0223042","22","南伊豆町","ミナミイズチョウ","0",,,,
"0223051","22","松崎町","マツザキチョウ","0",,,,
"0223069","22","西伊豆町","ニシイズチョウ","0",,,,
"0223255","22","函南町","カンナミチョウ","0",,,,
"0223417","22","清水町","シミズチョウ","0",,,,
"0223425","22","長泉町","ナガイズミチョウ","0",,,,
"0223441","22","小山町","オヤマチョウ","0",,,,
"0224243","22","吉田町","ヨシダチョウ","0",,,,
"0224294","22","川根本町","カワネホンチョウ","0",,,,
"0224618","22","森町","モリマチ","0",,,,
"0230006","23",,,"X",,,,
"0231002","23","名古屋市","ナゴヤシ","1",,,,
"0231011","23","名古屋市千種区","ナゴヤシチクサク","1",,,,
"0231029","23","名古屋市東区","ナゴヤシヒガシク","1",,,,
"0231037","23","名古屋市北区","ナゴヤシキタク","1",,,,
"0231045","23","名古屋市西区","ナゴヤシニシク","1",,,,
"0231053","23","名古屋市中村区","ナゴヤシナカムラク","1",,,,
"0231061","23","名古屋市中区","ナゴヤシナカク","1",,,,
"0231070","23","名古屋市昭和区","ナゴヤシショウワク","1",,,,
"0231088","23","名古屋市瑞穂区","ナゴヤシミズホク","1",,,,
"0231096","23","名古屋市熱田区","ナゴヤシアツタク","1",,,,
"0231100","23","名古屋市中川区","ナゴヤシナカガワク","1",,,,
"0231118","23","名古屋市港区","ナゴヤシミナトク","1",,,,
"0231126","23","名古屋市南区","ナゴヤシミナミク","1",,,,
"0231134","23","名古屋市守山区","ナゴヤシモリヤマク","1",,,,
"0231142","23","名古屋市緑区","ナゴヤシミドリク","1",,,,
"0231151","23","名古屋市名東区","ナゴヤシメイトウク","1",,,,
"0231169","23","名古屋市天白区","ナゴヤシテンパクク","1",,,,
"0232017","23","豊橋市","トヨハシシ","1",,,,
"0232025","23","岡崎市","オカザキシ","1",,,,
"0232033","23","一宮市","イチノミヤシ","1",,,,
"0232041","23","瀬戸市","セトシ","1",,,,
"0232050","23","半田市","ハンダシ","1",,,,
"0232068","23","春日井市","カスガイシ","1",,,,
"0232076","23","豊川市","トヨカワシ","1",,,,
"0232084","23","津島市","ツシマシ","1",,,,
"0232092","23","碧南市","ヘキナンシ","1",,,,
"0232106","23","刈谷市","カリヤシ","1",,,,
"0232114","23","豊田市","トヨタシ","1",,,,
"0232122","23","安城市","アンジョウシ","1",,,,
"0232131","23","西尾市","ニシオシ","1",,,,
"0232149","23","蒲郡市","ガマゴオリシ","1",,,,
"0232157","23","犬山市","イヌヤマシ","1",,,,
"0232165","23","常滑市","トコナメシ","1",,,,
"0232173","23","江南市","コウナンシ","1",,,,
"0232190","23","小牧市","コマキシ","1",,,,
"0232203","23","稲沢市","イナザワシ","1",,,,
"0232211","23","新城市","シンシロシ","1",,,,
"0232220","23","東海市","トウカイシ","1",,,,
"0232238","23","大府市","オオブシ","1",,,,
"0232246","23","知多市","チタシ","1",,,,
"0232254","23","知立市","チリュウシ","1",,,,
"0232262","23","尾張旭市","オワリアサヒシ","1",,,,
"0232271","23","高浜市","タカハマシ","1",,,,
"0232289","23","岩倉市","イワクラシ","1",,,,
"0232297","23","豊明市","トヨアケシ","1",,,,
"0232301","23","日進市","ニッシンシ","1",,,,
"0232319","23","田原市","タハラシ","1",,,,
"0232327","23","愛西市","アイサイシ","1",,,,
"0232335","23","清須市","キヨスシ","1",,,,
"0232343","23","北名古屋市","キタナゴヤシ","1",,,,
"0232351","23","弥富市","ヤトミシ","1",,,,
"0232360","23","みよし市","ミヨシシ","1",,,,
"0232378","23","あま市","アマシ","1",,,,
"0232386","23","長久手市","ナガクテシ","1",,,,
"0233021","23","東郷町","トウゴウチョウ","0",,,,
"0233421","23","豊山町","トヨヤマチョウ","0",,,,
"0233617","23","大口町","オオグチチョウ","0",,,,
"0233625","23","扶桑町","フソウチョウ","0",,,,
"0234249","23","大治町","オオハルチョウ","0",,,,
"0234257","23","蟹江町","カニエチョウ","0",,,,
"0234273","23","飛島村","トビシマムラ","0",,,,
"0234419","23","阿久比町","アグイチョウ","0",,,,
"0234427","23","東浦町","ヒガシウラチョウ","0",,,,
"0234451","23","南知多町","ミナミチタチョウ","0",,,,
"0234460","23","美浜町","ミハマチョウ","0",,,,
"0234478","23","武豊町","タケトヨチョウ","0",,,,
"0235016","23","幸田町","コウタチョウ","0",,,,
"0235610","23","設楽町","シタラチョウ","0",,,,
"0235628","23","東栄町","トウエイチョウ","0",,,,
"0235636","23","豊根村","トヨネムラ","0",,,,
"0240001","24",,,"X",,,,
"0242012","24","津市","ツシ","1",,,,
"0242021","24","四日市市","ヨッカイチシ","1",,,,
"0242039","24","伊勢市","イセシ","1",,,,
"0242047","24","松阪市","マツサカシ","1",,,,
"0242055","24","桑名市","クワナシ","1",,,,
"0242071","24","鈴鹿市","スズカシ","1",,,,
"0242080","24","名張市","ナバリシ","1",,,,
"0242098","24","尾鷲市","オワセシ","1",,,,
"0242101","24","亀山市","カメヤマシ","1",,,,
"0242110","24","鳥羽市","トバシ","1",,,,
"0242128","24","熊野市","クマノシ","1",,,,
"0242144","24","いなべ市","イナベシ","1",,,,
"0242152","24","志摩市","シマシ","1",,,,
"0242161","24","伊賀市","イガシ","1",,,,
"0243035","24","木曽岬町","キソサキチョウ","0",,,,
"0243248","24","東員町","トウインチョウ","0",,,,
"0243418","24","菰野町","コモノチョウ","0",,,,
"0243434","24","朝日町","アサヒチョウ","0",,,,
"0243442","24","川越町","カワゴエチョウ","0",,,,
"0244414","24","多気町","タキチョウ","0",,,,
"0244422","24","明和町","メイワチョウ","0",,,,
"0244431","24","大台町","オオダイチョウ","0",,,,
"0244619","24","玉城町","タマキチョウ","0",,,,
"0244708","24","度会町","ワタライチョウ","0",,,,
"0244716","24","大紀町","タイキチョウ","0",,,,
"0244724","24","南伊勢町","ミナミイセチョウ","0",,,,
"0245437","24","紀北町","キホクチョウ","0",,,,
"0245615","24","御浜町","ミハマチョウ","0",,,,
"0245623","24","紀宝町","キホウチョウ","0",,,,
"0250007","25",,,"X",,,,
"0252018","25","大津市","オオツシ","1",,,,
"0252026","25","彦根市","ヒコネシ","1",,,,
"0252034","25","長浜市","ナガハマシ","1",,,,
"0252042","25","近江八幡市","オウミハチマンシ","1",,,,
"0252069","25","草津市","クサツシ","1",,,,
"0252077","25","守山市","モリヤマシ","1",,,,
"0252085","25","栗東市","リットウシ","1",,,,
"0252093","25","甲賀市","コウカシ","1",,,,
"0252107","25","野洲市","ヤスシ","1",,,,
"0252115","25","湖南市","コナンシ","1",,,,
"0252123","25","高島市","タカシマシ","1",,,,
"0252131","25","東近江市","ヒガシオウミシ","1",,,,
"0252140","25","米原市","マイバラシ","1",,,,
"0253839","25","日野町","ヒノチョウ","0",,,,
"0253847","25","竜王町","リユウオウチョウ","0",,,,
"0254258","25","愛荘町","アイショウチョウ","0",,,,
"0254410","25","豊郷町","トヨサトチョウ","0",,,,
"0254428","25","甲良町","コウラチョウ","0",,,,
"0254436","25","多賀町","タガチョウ","0",,,,
"0260002","26",,,"X",,,,
"0261009","26","京都市","キョウトシ","1",,,,
"0261017","26","京都市北区","キョウトシキタク","1",,,,
"0261025","26","京都市上京区","キョウトシカミギョウク","1",,,,
"0261033","26","京都市左京区","キョウトシサキョウク","1",,,,
"0261041","26","京都市中京区","キョウトシナカギョウク","1",,,,
"0261050","26","京都市東山区","キョウトシヒガシヤマク","1",,,,
"0261068","26","京都市下京区","キョウトシシモギョウク","1",,,,
"0261076","26","京都市南区","キョウトシミナミク","1",,,,
"0261084","26","京都市右京区","キョウトシウキョウク","1",,,,
"0261092","26","京都市伏見区","キョウトシフシミク","1",,,,
"0261106","26","京都市山科区","キョウトシヤマシナク","1",,,,
"0261114","26","京都市西京区","キョウトシニシキョウク","1",,,,
"0262013","26","福知山市","フクチヤマシ","1",,,,
"0262021","26","舞鶴市","マイヅルシ","1",,,,
"0262030","26","綾部市","アヤベシ","1",,,,
"0262048","26","宇治市","ウジシ","1",,,,
"0262056","26","宮津市","ミヤヅシ","1",,,,
"0262064","26","亀岡市","カメオカシ","1",,,,
"0262072","26","城陽市","ジョウヨウシ","1",,,,
"0262081","26","向日市","ムコウシ","1",,,,
"0262099","26","長岡京市","ナガオカキョウシ","1",,,,
"0262102","26","八幡市","ヤワタシ","1",,,,
"0262111","26","京田辺市","キョウタナベシ","1",,,,
"0262129","26","京丹後市","キョウタンゴシ","1",,,,
"0262137","26","南丹市","ナンタンシ","1",,,,
"0262145","26","木津川市","キヅカワシ","1",,,,
"0263036","26","大山崎町","オオヤマザキチョウ","0",,,,
"0263222","26","久御山町","クミヤマチョウ","0",,,,
"0263435","26","井手町","イデチョウ","0",,,,
"0263443","26","宇治田原町","ウジタワラチョウ","0",,,,
"0263648","26","笠置町","カサギチョウ","0",,,,
"0263656","26","和束町","ワヅカチョウ","0",,,,
"0263664","26","精華町","セイカチョウ","0",,,,
"0263672","26","南山城村","ミナミヤマシロムラ","0",,,,
"0264075","26","京丹波町","キョウタンバチョウ","0",,,,
"0264636","26","伊根町","イネチョウ","0",,,,
"0264652","26","与謝野町","ヨサノチョウ","0",,,,
"0270008","27",,,"X",,,,
"0271004","27","大阪市","オオサカシ","1",,,,
"0271021","27","大阪市都島区","オオサカシミヤコジマク","1",,,,
"0271039","27","大阪市福島区","オオサカシフクシマク","1",,,,
"0271047","27","大阪市此花区","オオサカシコノハナク","1",,,,
"0271063","27","大阪市西区","オオサカシニシク","1",,,,
"0271071","27","大阪市港区","オオサカシミナトク","1",,,,
"0271080","27","大阪市大正区","オオサカシタイショウク","1",,,,
"0271098","27","大阪市天王寺区","オオサカシテンノウジク","1",,,,
"0271110","27","大阪市浪速区","オオサカシナニワク","1",,,,
"0271136","27","大阪市西淀川区","オオサカシニシヨドガワク","1",,,,
"0271144","27","大阪市東淀川区","オオサカシヒガシヨドガワク","1",,,,
"0271152","27","大阪市東成区","オオサカシヒガシナリク","1",,,,
"0271161","27","大阪市生野区","オオサカシイクノク","1",,,,
"0271179","27","大阪市旭区","オオサカシアサヒク","1",,,,
"0271187","27","大阪市城東区","オオサカシジョウトウク","1",,,,
"0271195","27","大阪市阿倍野区","オオサカシアベノク","1",,,,
"0271209","27","大阪市住吉区","オオサカシスミヨシク","1",,,,
"0271217","27","大阪市東住吉区","オオサカシヒガシスミヨシク","1",,,,
"0271225","27","大阪市西成区","オオサカシニシナリク","1",,,,
"0271233","27","大阪市淀川区","オオサカシヨドガワク","1",,,,
"0271241","27","大阪市鶴見区","オオサカシツルミク","1",,,,
"0271250","27","大阪市住之江区","オオサカシスミノエク","1",,,,
"0271268","27","大阪市平野区","オオサカシヒラノク","1",,,,
"0271276","27","大阪市北区","オオサカシキタク","1",,,,
"0271284","27","大阪市中央区","オオサカシチュウオウク","1",,,,
"0271403","27","堺市","サカイシ","1",,,,
"0271411","27","堺市堺区","サカイシサカイク","1",,,,
"0271420","27","堺市中区","サカイシナカク","1",,,,
"0271438","27","堺市東区","サカイシヒガシク","1",,,,
"0271446","27","堺市西区","サカイシニシク","1",,,,
"0271454","27","堺市南区","サカイシミナミク","1",,,,
"0271462","27","堺市北区","サカイシキタク","1",,,,
"0271471","27","堺市美原区","サカイシミハラク","1",,,,
"0272027","27","岸和田市","キシワダシ","1",,,,
"0272035","27","豊中市","トヨナカシ","1",,,,
"0272043","27","池田市","イケダシ","1",,,,
"0272051","27","吹田市","スイタシ","1",,,,
"0272060","27","泉大津市","イズミオオツシ","1",,,,
"0272078","27","高槻市","タカツキシ","1",,,,
"0272086","27","貝塚市","カイヅカシ","1",,,,
"0272094","27","守口市","モリグチシ","1",,,,
"0272108","27","枚方市","ヒラカタシ","1",,,,
"0272116","27","茨木市","イバラキシ","1",,,,
"0272124","27","八尾市","ヤオシ","1",,,,
"0272132","27","泉佐野市","イズミサノシ","1",,,,
"0272141","27","富田林市","トンダバヤシシ","1",,,,
"0272159","27","寝屋川市","ネヤガワシ","1",,,,
"0272167","27","河内長野市","カワチナガノシ","1",,,,
"0272175","27","松原市","マツバラシ","1",,,,
"0272183","27","大東市","ダイトウシ","1",,,,
"0272191","27","和泉市","イズミシ","1",,,,
"0272205","27","箕面市","ミノオシ","1",,,,
"0272213","27","柏原市","カシワラシ","1",,,,
"0272221","27","羽曳野市","ハビキノシ","1",,,,
"0272230","27","門真市","カドマシ","1",,,,
"0272248","27","摂津市","セッツシ","1",,,,
"0272256","27","高石市","タカイシシ","1",,,,
"0272264","27","藤井寺市","フジイデラシ","1",,,,
"0272272","27","東大阪市","ヒガシオオサカシ","1",,,,
"0272281","27","泉南市","センナンシ","1",,,,
"0272299","27","四條畷市","シジヨウナワテシ","1",,,,
"0272302","27","交野市","カタノシ","1",,,,
"0272311","27","大阪狭山市","オオサカサヤマシ","1",,,,
"0272329","27","阪南市","ハンナンシ","1",,,,
"0273015","27","島本町","シマモトチョウ","0",,,,
"0273210","27","豊能町","トヨノチョウ","0",,,,
"0273228","27","能勢町","ノセチョウ","0",,,,
"0273414","27","忠岡町","タダオカチョウ","0",,,,
"0273619","27","熊取町","クマトリチョウ","0",,,,
"0273627","27","田尻町","タジリチョウ","0",,,,
"0273660","27","岬町","ミサキチョウ","0",,,,
"0273813","27","太子町","タイシチョウ","0",,,,
"0273821","27","河南町","カナンチョウ","0",,,,
"0273830","27","千早赤阪村","チハヤアカサカムラ","0",,,,
"0280003","28",,,"X",,,,
"0281000","28","神戸市","コウベシ","1",,,,
"0281018","28","神戸市東灘区","コウベシヒガシナダク","1",,,,
"0281026","28","神戸市灘区","コウベシナダク","1",,,,
"0281051","28","神戸市兵庫区","コウベシヒョウゴク","1",,,,
"0281069","28","神戸市長田区","コウベシナガタク","1",,,,
"0281077","28","神戸市須磨区","コウベシスマク","1",,,,
"0281085","28","神戸市垂水区","コウベシタルミク","1",,,,
"0281093","28","神戸市北区","コウベシキタク","1",,,,
"0281107","28","神戸市中央区","コウベシチュウオウク","1",,,,
"0281115","28","神戸市西区","コウベシニシク","1",,,,
"0282014","28","姫路市","ヒメジシ","1",,,,
"0282022","28","尼崎市","アマガサキシ","1",,,,
"0282031","28","明石市","アカシシ","1",,,,
"0282049","28","西宮市","ニシノミヤシ","1",,,,
"0282057","28","洲本市","スモトシ","1",,,,
"0282065","28","芦屋市","アシヤシ","1",,,,
"0282073","28","伊丹市","イタミシ","1",,,,
"0282081","28","相生市","アイオイシ","1",,,,
"0282090","28","豊岡市","トヨオカシ","1",,,,
"0282103","28","加古川市","カコガワシ","1",,,,
"0282120","28","赤穂市","アコウシ","1",,,,
"0282138","28","西脇市","ニシワキシ","1",,,,
"0282146","28","宝塚市","タカラヅカシ","1",,,,
"0282154","28","三木市","ミキシ","1",,,,
"0282162","28","高砂市","タカサゴシ","1",,,,
"0282171","28","川西市","カワニシシ","1",,,,
"0282189","28","小野市","オノシ","1",,,,
"0282197","28","三田市","サンダシ","1",,,,
"0282201","28","加西市","カサイシ","1",,,,
"0282219","28","篠山市","ササヤマシ","1",,,,
"0282227","28","養父市","ヤブシ","1",,,,
"0282235","28","丹波市","タンバシ","1",,,,
"0282243","28","南あわじ市","ミナミアワジシ","1",,,,
"0282251","28","朝来市","アサゴシ","1",,,,
"0282260","28","淡路市","アワジシ","1",,,,
"0282278","28","宍粟市","シソウシ","1",,,,
"0282286","28","加東市","カトウシ","1",,,,
"0282294","28","たつの市","タツノシ","1",,,,
"0283011","28","猪名川町","イナガワチョウ","0",,,,
"0283657","28","多可町","タカチョウ","0",,,,
"0283819","28","稲美町","イナミチョウ","0",,,,
"0283827","28","播磨町","ハリマチョウ","0",,,,
"0284424","28","市川町","イチカワチョウ","0",,,,
"0284432","28","福崎町","フクサキチョウ","0",,,,
"0284467","28","神河町","カミカワチョウ","0",,,,
"0284645","28","太子町","タイシチョウ","0",,,,
"0284815","28","上郡町","カミゴオリチョウ","0",,,,
"0285013","28","佐用町","サヨウチョウ","0",,,,
"0285854","28","香美町","カミチョウ","0",,,,
"0285862","28","新温泉町","シンオンセンチョウ","0",,,,
"0290009","29",,,"X",,,,
"0292010","29","奈良市","ナラシ","1",,,,
"0292028","29","大和高田市","ヤマトタカダシ","1",,,,
"0292036","29","大和郡山市","ヤマトコオリヤマシ","1",,,,
"0292044","29","天理市","テンリシ","1",,,,
"0292052","29","橿原市","カシハラシ","1",,,,
"0292061","29","桜井市","サクライシ","1",,,,
"0292079","29","五條市","ゴジョウシ","1",,,,
"0292087","29","御所市","ゴセシ","1",,,,
"0292095","29","生駒市","イコマシ","1",,,,
"0292109","29","香芝市","カシバシ","1",,,,
"0292117","29","葛城市","カツラギシ","1",,,,
"0292125","29","宇陀市","ウダシ","1",,,,
"0293229","29","山添村","ヤマゾエムラ","0",,,,
"0293423","29","平群町","ヘグリチョウ","0",,,,
"0293431","29","三郷町","サンゴウチョウ","0",,,,
"0293440","29","斑鳩町","イカルガチョウ","0",,,,
"0293458","29","安堵町","アンドチョウ","0",,,,
"0293610","29","川西町","カワニシチョウ","0",,,,
"0293628","29","三宅町","ミヤケチョウ","0",,,,
"0293636","29","田原本町","タワラモトチョウ","0",,,,
"0293857","29","曽爾村","ソニムラ","0",,,,
"0293865","29","御杖村","ミツエムラ","0",,,,
"0294012","29","高取町","タカトリチョウ","0",,,,
"0294021","29","明日香村","アスカムラ","0",,,,
"0294241","29","上牧町","カンマキチョウ","0",,,,
"0294250","29","王寺町","オウジチョウ","0",,,,
"0294268","29","広陵町","コウリヨウチョウ","0",,,,
"0294276","29","河合町","カワイチョウ","0",,,,
"0294411","29","吉野町","ヨシノチョウ","0",,,,
"0294420","29","大淀町","オオヨドチョウ","0",,,,
"0294438","29","下市町","シモイチチョウ","0",,,,
"0294446","29","黒滝村","クロタキムラ","0",,,,
"0294462","29","天川村","テンカワムラ","0",,,,
"0294471","29","野迫川村","ノセガワムラ","0",,,,
"0294497","29","十津川村","トツカワムラ","0",,,,
"0294501","29","下北山村","シモキタヤマムラ","0",,,,
"0294519","29","上北山村","カミキタヤマムラ","0",,,,
"0294527","29","川上村","カワカミムラ","0",,,,
"0294535","29","東吉野村","ヒガシヨシノムラ","0",,,,
"0300004","30",,,"X",,,,
"0302015","30","和歌山市","ワカヤマシ","1",,,,
"0302023","30","海南市","カイナンシ","1",,,,
"0302031","30","橋本市","ハシモトシ","1",,,,
"0302040","30","有田市","アリダシ","1",,,,
"0302058","30","御坊市","ゴボウシ","1",,,,
"0302066","30","田辺市","タナベシ","1",,,,
"0302074","30","新宮市","シングウシ","1",,,,
"0302082","30","紀の川市","キノカワシ","1",,,,
"0302091","30","岩出市","イワデシ","1",,,,
"0303046","30","紀美野町","キミノチョウ","0",,,,
"0303411","30","かつらぎ町","カツラギチョウ","0",,,,
"0303437","30","九度山町","クドヤマチョウ","0",,,,
"0303445","30","高野町","コウヤチョウ","0",,,,
"0303615","30","湯浅町","ユアサチョウ","0",,,,
"0303623","30","広川町","ヒロガワチョウ","0",,,,
"0303666","30","有田川町","アリダガワチョウ","0",,,,
"0303810","30","美浜町","ミハマチョウ","0",,,,
"0303828","30","日高町","ヒダカチョウ","0",,,,
"0303836","30","由良町","ユラチョウ","0",,,,
"0303909","30","印南町","イナミチョウ","0",,,,
"0303917","30","みなべ町","ミナベチョウ","0",,,,
"0303925","30","日高川町","ヒダカガワチョウ","0",,,,
"0304018","30","白浜町","シラハマチョウ","0",,,,
"0304042","30","上富田町","カミトンダチョウ","0",,,,
"0304069","30","すさみ町","スサミチョウ","0",,,,
"0304212","30","那智勝浦町","ナチカツウラチョウ","0",,,,
"0304221","30","太地町","タイジチョウ","0",,,,
"0304247","30","古座川町","コザガワチョウ","0",,,,
"0304271","30","北山村","キタヤマムラ","0",,,,
"0304280","30","串本町","クシモトチョウ","0",,,,
"0310000","31",,,"X",,,,
"0312011","31","鳥取市","トットリシ","1",,,,
"0312029","31","米子市","ヨナゴシ","1",,,,
"0312037","31","倉吉市","クラヨシシ","1",,,,
"0312045","31","境港市","サカイミナトシ","1",,,,
"0313025","31","岩美町","イワミチョウ","0",,,,
"0313254","31","若桜町","ワカサチョウ","0",,,,
"0313289","31","智頭町","チズチョウ","0",,,,
"0313297","31","八頭町","ヤズチョウ","0",,,,
"0313645","31","三朝町","ミササチョウ","0",,,,
"0313700","31","湯梨浜町","ユリハマチョウ","0",,,,
"0313718","31","琴浦町","コトウラチョウ","0",,,,
"0313726","31","北栄町","ホクエイチョウ","0",,,,
"0313840","31","日吉津村","ヒエヅソン","0",,,,
"0313866","31","大山町","ダイセンチョウ","0",,,,
"0313891","31","南部町","ナンブチョウ","0",,,,
"0313904","31","伯耆町","ホウキチョウ","0",,,,
"0314013","31","日南町","ニチナンチョウ","0",,,,
"0314021","31","日野町","ヒノチョウ","0",,,,
"0314030","31","江府町","コウフチョウ","0",,,,
"0320005","32",,,"X",,,,
"0322016","32","松江市","マツエシ","1",,,,
"0322024","32","浜田市","ハマダシ","1",,,,
"0322032","32","出雲市","イズモシ","1",,,,
"0322041","32","益田市","マスダシ","1",,,,
"0322059","32","大田市","オオダシ","1",,,,
"0322067","32","安来市","ヤスギシ","1",,,,
"0322075","32","江津市","ゴウツシ","1",,,,
"0322091","32","雲南市","ウンナンシ","1",,,,
"0323438","32","奥出雲町","オクイズモチョウ","0",,,,
"0323861","32","飯南町","イイナンチョウ","0",,,,
"0324418","32","川本町","カワモトマチ","0",,,,
"0324485","32","美郷町","ミサトチョウ","0",,,,
"0324493","32","邑南町","オオナンチョウ","0",,,,
"0325015","32","津和野町","ツワノチョウ","0",,,,
"0325058","32","吉賀町","ヨシカチヨウ","0",,,,
"0325252","32","海士町","アマチョウ","0",,,,
"0325261","32","西ノ島町","ニシノシマチョウ","0",,,,
"0325279","32","知夫村","チブムラ","0",,,,
"0325287","32","隠岐の島町","オキノシマチョウ","0",,,,
"0330001","33",,,"X",,,,
"0331007","33","岡山市","オカヤマシ","1",,,,
"0331015","33","岡山市北区","オカヤマシキタク","1",,,,
"0331023","33","岡山市中区","オカヤマシナカク","1",,,,
"0331031","33","岡山市東区","オカヤマシヒガシク","1",,,,
"0331040","33","岡山市南区","オカヤマシミナミク","1",,,,
"0332020","33","倉敷市","クラシキシ","1",,,,
"0332038","33","津山市","ツヤマシ","1",,,,
"0332046","33","玉野市","タマノシ","1",,,,
"0332054","33","笠岡市","カサオカシ","1",,,,
"0332071","33","井原市","イバラシ","1",,,,
"0332089","33","総社市","ソウジヤシ","1",,,,
"0332097","33","高梁市","タカハシシ","1",,,,
"0332101","33","新見市","ニイミシ","1",,,,
"0332119","33","備前市","ビゼンシ","1",,,,
"0332127","33","瀬戸内市","セトウチシ","1",,,,
"0332135","33","赤磐市","アカイワシ","1",,,,
"0332143","33","真庭市","マニワシ","1",,,,
"0332151","33","美作市","ミマサカシ","1",,,,
"0332160","33","浅口市","アサクチシ","1",,,,
"0333468","33","和気町","ワケチョウ","0",,,,
"0334235","33","早島町","ハヤシマチョウ","0",,,,
"0334456","33","里庄町","サトショウチョウ","0",,,,
"0334618","33","矢掛町","ヤカゲチョウ","0",,,,
"0335860","33","新庄村","シンジヨウソン","0",,,,
"0336068","33","鏡野町","カガミノチョウ","0",,,,
"0336220","33","勝央町","ショウオウチョウ","0",,,,
"0336238","33","奈義町","ナギチョウ","0",,,,
"0336432","33","西粟倉村","ニシアワクラソン","0",,,,
"0336637","33","久米南町","クメナンチョウ","0",,,,
"0336661","33","美咲町","ミサキチョウ","0",,,,
"0336815","33","吉備中央町","キビチュウオウチョウ","0",,,,
"0340006","34",,,"X",,,,
"0341002","34","広島市","ヒロシマシ","1",,,,
"0341011","34","広島市中区","ヒロシマシナカク","1",,,,
"0341029","34","広島市東区","ヒロシマシヒガシク","1",,,,
"0341037","34","広島市南区","ヒロシマシミナミク","1",,,,
"0341045","34","広島市西区","ヒロシマシニシク","1",,,,
"0341053","34","広島市安佐南区","ヒロシマシアサミナミク","1",,,,
"0341061","34","広島市安佐北区","ヒロシマシアサキタク","1",,,,
"0341070","34","広島市安芸区","ヒロシマシアキク","1",,,,
"0341088","34","広島市佐伯区","ヒロシマシサエキク","1",,,,
"0342025","34","呉市","クレシ","1",,,,
"0342033","34","竹原市","タケハラシ","1",,,,
"0342041","34","三原市","ミハラシ","1",,,,
"0342050","34","尾道市","オノミチシ","1",,,,
"0342076","34","福山市","フクヤマシ","1",,,,
"0342084","34","府中市","フチュウシ","1",,,,
"0342092","34","三次市","ミヨシシ","1",,,,
"0342106","34","庄原市","ショウバラシ","1",,,,
"0342114","34","大竹市","オオタケシ","1",,,,
"0342122","34","東広島市","ヒガシヒロシマシ","1",,,,
"0342131","34","廿日市市","ハツカイチシ","1",,,,
"0342149","34","安芸高田市","アキタカタシ","1",,,,
"0342157","34","江田島市","エタジマシ","1",,,,
"0343021","34","府中町","フチュウチョウ","0",,,,
"0343048","34","海田町","カイタチョウ","0",,,,
"0343072","34","熊野町","クマノチョウ","0",,,,
"0343099","34","坂町","サカチョウ","0",,,,
"0343684","34","安芸太田町","アキオオタチョウ","0",,,,
"0343692","34","北広島町","キタヒロシマチョウ","0",,,,
"0344311","34","大崎上島町","オオサキカミジマチョウ","0",,,,
"0344621","34","世羅町","セラチョウ","0",,,,
"0345458","34","神石高原町","ジンセキコウゲンチョウ","0",,,,
"0350001","35",,,"X",,,,
"0352012","35","下関市","シモノセキシ","1",,,,
"0352021","35","宇部市","ウベシ","1",,,,
"0352039","35","山口市","ヤマグチシ","1",,,,
"0352047","35","萩市","ハギシ","1",,,,
"0352063","35","防府市","ホウフシ","1",,,,
"0352071","35","下松市","クダマツシ","1",,,,
"0352080","35","岩国市","イワクニシ","1",,,,
"0352101","35","光市","ヒカリシ","1",,,,
"0352110","35","長門市","ナガトシ","1",,,,
"0352128","35","柳井市","ヤナイシ","1",,,,
"0352136","35","美祢市","ミネシ","1",,,,
"0352152","35","周南市","シュウナンシ","1",,,,
"0352161","35","山陽小野田市","サンヨウオノダシ","1",,,,
"0353051","35","周防大島町","スオウオオシマチョウ","0",,,,
"0353213","35","和木町","ワキチョウ","0",,,,
"0353418","35","上関町","カミノセキチョウ","0",,,,
"0353434","35","田布施町","タブセチョウ","0",,,,
"0353442","35","平生町","ヒラオチョウ","0",,,,
"0355020","35","阿武町","アブチョウ","0",,,,
"0360007","36",,,"X",,,,
"0362018","36","徳島市","トクシマシ","1",,,,
"0362026","36","鳴門市","ナルトシ","1",,,,
"0362034","36","小松島市","コマツシマシ","1",,,,
"0362042","36","阿南市","アナンシ","1",,,,
"0362051","36","吉野川市","ヨシノガワシ","1",,,,
"0362069","36","阿波市","アワシ","1",,,,
"0362077","36","美馬市","ミマシ","1",,,,
"0362085","36","三好市","ミヨシシ","1",,,,
"0363014","36","勝浦町","カツウラチョウ","0",,,,
"0363022","36","上勝町","カミカツチョウ","0",,,,
"0363219","36","佐那河内村","サナゴウチソン","0",,,,
"0363413","36","石井町","イシイチョウ","0",,,,
"0363421","36","神山町","カミヤマチョウ","0",,,,
"0363685","36","那賀町","ナカチョウ","0",,,,
"0363839","36","牟岐町","ムギチョウ","0",,,,
"0363871","36","美波町","ミナミチョウ","0",,,,
"0363880","36","海陽町","カイヨウチョウ","0",,,,
"0364011","36","松茂町","マツシゲチョウ","0",,,,
"0364029","36","北島町","キタジマチョウ","0",,,,
"0364037","36","藍住町","アイズミチョウ","0",,,,
"0364045","36","板野町","イタノチョウ","0",,,,
"0364053","36","上板町","カミイタチョウ","0",,,,
"0364681","36","つるぎ町","ツルギチョウ","0",,,,
"0364894","36","東みよし町","ヒガシミヨシチョウ","0",,,,
"0370002","37",,,"X",,,,
"0372013","37","高松市","タカマツシ","1",,,,
"0372021","37","丸亀市","マルガメシ","1",,,,
"0372030","37","坂出市","サカイデシ","1",,,,
"0372048","37","善通寺市","ゼンツウジシ","1",,,,
"0372056","37","観音寺市","カンオンジシ","1",,,,
"0372064","37","さぬき市","サヌキシ","1",,,,
"0372072","37","東かがわ市","ヒガシカガワシ","1",,,,
"0372081","37","三豊市","ミトヨシ","1",,,,
"0373222","37","土庄町","トノショウチョウ","0",,,,
"0373249","37","小豆島町","ショウドシマチョウ","0",,,,
"0373419","37","三木町","ミキチョウ","0",,,,
"0373648","37","直島町","ナオシマチョウ","0",,,,
"0373869","37","宇多津町","ウタヅチョウ","0",,,,
"0373877","37","綾川町","アヤガワチョウ","0",,,,
"0374032","37","琴平町","コトヒラチョウ","0",,,,
"0374041","37","多度津町","タドツチョウ","0",,,,
"0374067","37","まんのう町","マンノウチョウ","0",,,,
"0380008","38",,,"X",,,,
"0382019","38","松山市","マツヤマシ","1",,,,
"0382027","38","今治市","イマバリシ","1",,,,
"0382035","38","宇和島市","ウワジマシ","1",,,,
"0382043","38","八幡浜市","ヤワタハマシ","1",,,,
"0382051","38","新居浜市","ニイハマシ","1",,,,
"0382060","38","西条市","サイジョウシ","1",,,,
"0382078","38","大洲市","オオズシ","1",,,,
"0382108","38","伊予市","イヨシ","1",,,,
"0382132","38","四国中央市","シコクチュウオウシ","1",,,,
"0382141","38","西予市","セイヨシ","1",,,,
"0382159","38","東温市","トウオンシ","1",,,,
"0383562","38","上島町","カミジマチョウ","0",,,,
"0383864","38","久万高原町","クマコウゲンチョウ","0",,,,
"0384011","38","松前町","マサキチョウ","0",,,,
"0384020","38","砥部町","トベチョウ","0",,,,
"0384224","38","内子町","ウチコチョウ","0",,,,
"0384429","38","伊方町","イカタチョウ","0",,,,
"0384844","38","松野町","マツノチョウ","0",,,,
"0384887","38","鬼北町","キホクチョウ","0",,,,
"0385069","38","愛南町","アイナンチョウ","0",,,,
"0390003","39",,,"X",,,,
"0392014","39","高知市","コウチシ","1",,,,
"0392022","39","室戸市","ムロトシ","1",,,,
"0392031","39","安芸市","アキシ","1",,,,
"0392049","39","南国市","ナンコクシ","1",,,,
"0392057","39","土佐市","トサシ","1",,,,
"0392065","39","須崎市","スサキシ","1",,,,
"0392081","39","宿毛市","スクモシ","1",,,,
"0392090","39","土佐清水市","トサシミズシ","1",,,,
"0392103","39","四万十市","シマントシ","1",,,,
"0392111","39","香南市","コウナンシ","1",,,,
"0392120","39","香美市","カミシ","1",,,,
"0393011","39","東洋町","トウヨウチョウ","0",,,,
"0393029","39","奈半利町","ナハリチョウ","0",,,,
"0393037","39","田野町","タノチョウ","0",,,,
"0393045","39","安田町","ヤスダチョウ","0",,,,
"0393053","39","北川村","キタガワムラ","0",,,,
"0393061","39","馬路村","ウマジムラ","0",,,,
"0393070","39","芸西村","ゲイセイムラ","0",,,,
"0393410","39","本山町","モトヤマチョウ","0",,,,
"0393444","39","大豊町","オオトヨチョウ","0",,,,
"0393631","39","土佐町","トサチョウ","0",,,,
"0393649","39","大川村","オオカワムラ","0",,,,
"0393860","39","いの町","イノチョウ","0",,,,
"0393878","39","仁淀川町","ニヨドガワチョウ","0",,,,
"0394017","39","中土佐町","ナカトサチョウ","0",,,,
"0394025","39","佐川町","サカワチョウ","0",,,,
"0394033","39","越知町","オチチョウ","0",,,,
"0394050","39","梼原町","ユスハラチョウ","0",,,,
"0394106","39","日高村","ヒダカムラ","0",,,,
"0394114","39","津野町","ツノチョウ","0",,,,
"0394122","39","四万十町","シマントチョウ","0",,,,
"0394246","39","大月町","オオツキチョウ","0",,,,
"0394271","39","三原村","ミハラムラ","0",,,,
"0394289","39","黒潮町","クロシオチョウ","0",,,,
"0400009","40",,,"X",,,,
"0401005","40","北九州市","キタキュウシュウシ","1",,,,
"0401013","40","北九州市門司区","キタキュウシュウシモジク","1",,,,
"0401030","40","北九州市若松区","キタキュウシュウシワカマツク","1",,,,
"0401056","40","北九州市戸畑区","キタキュウシュウシトバタク","1",,,,
"0401064","40","北九州市小倉北区","キタキュウシュウシコクラキタク","1",,,,
"0401072","40","北九州市小倉南区","キタキュウシュウシコクラミナミク","1",,,,
"0401081","40","北九州市八幡東区","キタキュウシュウシヤハタヒガシク","1",,,,
"0401099","40","北九州市八幡西区","キタキュウシュウシヤハタニシク","1",,,,
"0401307","40","福岡市","フクオカシ","1",,,,
"0401315","40","福岡市東区","フクオカシヒガシク","1",,,,
"0401323","40","福岡市博多区","フクオカシハカタク","1",,,,
"0401331","40","福岡市中央区","フクオカシチュウオウク","1",,,,
"0401340","40","福岡市南区","フクオカシミナミク","1",,,,
"0401358","40","福岡市西区","フクオカシニシク","1",,,,
"0401366","40","福岡市城南区","フクオカシジョウナンク","1",,,,
"0401374","40","福岡市早良区","フクオカシサワラク","1",,,,
"0402028","40","大牟田市","オオムタシ","1",,,,
"0402036","40","久留米市","クルメシ","1",,,,
"0402044","40","直方市","ノオガタシ","1",,,,
"0402052","40","飯塚市","イイヅカシ","1",,,,
"0402061","40","田川市","タガワシ","1",,,,
"0402079","40","柳川市","ヤナガワシ","1",,,,
"0402109","40","八女市","ヤメシ","1",,,,
"0402117","40","筑後市","チクゴシ","1",,,,
"0402125","40","大川市","オオカワシ","1",,,,
"0402133","40","行橋市","ユクハシシ","1",,,,
"0402141","40","豊前市","ブゼンシ","1",,,,
"0402150","40","中間市","ナカマシ","1",,,,
"0402168","40","小郡市","オゴオリシ","1",,,,
"0402176","40","筑紫野市","チクシノシ","1",,,,
"0402184","40","春日市","カスガシ","1",,,,
"0402192","40","大野城市","オオノジョウシ","1",,,,
"0402206","40","宗像市","ムナカタシ","1",,,,
"0402214","40","太宰府市","ダザイフシ","1",,,,
"0402231","40","古賀市","コガシ","1",,,,
"0402249","40","福津市","フクツシ","1",,,,
"0402257","40","うきは市","ウキハシ","1",,,,
"0402265","40","宮若市","ミヤワカシ","1",,,,
"0402273","40","嘉麻市","カマシ","1",,,,
"0402281","40","朝倉市","アサクラシ","1",,,,
"0402290","40","みやま市","ミヤマシ","1",,,,
"0402303","40","糸島市","イトシマシ","1",,,,
"0403059","40","那珂川町","ナカガワマチ","0",,,,
"0403415","40","宇美町","ウミマチ","0",,,,
"0403423","40","篠栗町","ササグリマチ","0",,,,
"0403431","40","志免町","シメマチ","0",,,,
"0403440","40","須恵町","スエマチ","0",,,,
"0403458","40","新宮町","シングウマチ","0",,,,
"0403482","40","久山町","ヒサヤママチ","0",,,,
"0403491","40","粕屋町","カスヤマチ","0",,,,
"0403814","40","芦屋町","アシヤマチ","0",,,,
"0403822","40","水巻町","ミズマキマチ","0",,,,
"0403831","40","岡垣町","オカガキマチ","0",,,,
"0403849","40","遠賀町","オンガチョウ","0",,,,
"0404012","40","小竹町","コタケマチ","0",,,,
"0404021","40","鞍手町","クラテマチ","0",,,,
"0404217","40","桂川町","ケイセンマチ","0",,,,
"0404471","40","筑前町","チクゼンマチ","0",,,,
"0404489","40","東峰村","トウホウムラ","0",,,,
"0405035","40","大刀洗町","タチアライマチ","0",,,,
"0405221","40","大木町","オオキマチ","0",,,,
"0405442","40","広川町","ヒロカワマチ","0",,,,
"0406015","40","香春町","カワラマチ","0",,,,
"0406023","40","添田町","ソエダマチ","0",,,,
"0406040","40","糸田町","イトダマチ","0",,,,
"0406058","40","川崎町","カワサキマチ","0",,,,
"0406082","40","大任町","オオトウマチ","0",,,,
"0406091","40","赤村","アカムラ","0",,,,
"0406104","40","福智町","フクチマチ","0",,,,
"0406210","40","苅田町","カンダマチ","0",,,,
"0406252","40","みやこ町","ミヤコマチ","0",,,,
"0406422","40","吉富町","ヨシトミマチ","0",,,,
"0406465","40","上毛町","コウゲマチ","0",,,,
"0406473","40","築上町","チクジョウマチ","0",,,,
"0410004","41",,,"X",,,,
"0412015","41","佐賀市","サガシ","1",,,,
"0412023","41","唐津市","カラツシ","1",,,,
"0412031","41","鳥栖市","トスシ","1",,,,
"0412040","41","多久市","タクシ","1",,,,
"0412058","41","伊万里市","イマリシ","1",,,,
"0412066","41","武雄市","タケオシ","1",,,,
"0412074","41","鹿島市","カシマシ","1",,,,
"0412082","41","小城市","オギシ","1",,,,
"0412091","41","嬉野市","ウレシノシ","1",,,,
"0412104","41","神埼市","カンザキシ","1",,,,
"0413275","41","吉野ヶ里町","ヨシノガリチョウ","0",,,,
"0413411","41","基山町","キヤマチョウ","0",,,,
"0413453","41","上峰町","カミミネチョウ","0",,,,
"0413461","41","みやき町","ミヤキチョウ","0",,,,
"0413879","41","玄海町","ゲンカイチョウ","0",,,,
"0414018","41","有田町","アリタチョウ","0",,,,
"0414239","41","大町町","オオマチチョウ","0",,,,
"0414247","41","江北町","コウホクマチ","0",,,,
"0414255","41","白石町","シロイシチョウ","0",,,,
"0414417","41","太良町","タラチョウ","0",,,,
"0420000","42",,,"X",,,,
"0422011","42","長崎市","ナガサキシ","1",,,,
"0422029","42","佐世保市","サセボシ","1",,,,
"0422037","42","島原市","シマバラシ","1",,,,
"0422045","42","諫早市","イサハヤシ","1",,,,
"0422053","42","大村市","オオムラシ","1",,,,
"0422070","42","平戸市","ヒラドシ","1",,,,
"0422088","42","松浦市","マツウラシ","1",,,,
"0422096","42","対馬市","ツシマシ","1",,,,
"0422100","42","壱岐市","イキシ","1",,,,
"0422118","42","五島市","ゴトウシ","1",,,,
"0422126","42","西海市","サイカイシ","1",,,,
"0422134","42","雲仙市","ウンゼンシ","1",,,,
"0422142","42","南島原市","ミナミシマバラシ","1",,,,
"0423076","42","長与町","ナガヨチョウ","0",,,,
"0423084","42","時津町","トギツチョウ","0",,,,
"0423211","42","東彼杵町","ヒガシソノギチョウ","0",,,,
"0423220","42","川棚町","カワタナチョウ","0",,,,
"0423238","42","波佐見町","ハサミチョウ","0",,,,
"0423831","42","小値賀町","オヂカチョウ","0",,,,
"0423912","42","佐々町","サザチョウ","0",,,,
"0424111","42","新上五島町","シンカミゴトウチョウ","0",,,,
"0430005","43",,,"X",,,,
"0431001","43","熊本市","クマモトシ","1",,,,
"0431010","43","熊本市中央区","クマモトシチュウオウク","1",,,,
"0431028","43","熊本市東区","クマモトシヒガシク","1",,,,
"0431036","43","熊本市西区","クマモトシニシク","1",,,,
"0431044","43","熊本市南区","クマモトシミナミク","1",,,,
"0431052","43","熊本市北区","クマモトシキタク","1",,,,
"0432024","43","八代市","ヤツシロシ","1",,,,
"0432032","43","人吉市","ヒトヨシシ","1",,,,
"0432041","43","荒尾市","アラオシ","1",,,,
"0432059","43","水俣市","ミナマタシ","1",,,,
"0432067","43","玉名市","タマナシ","1",,,,
"0432083","43","山鹿市","ヤマガシ","1",,,,
"0432105","43","菊池市","キクチシ","1",,,,
"0432113","43","宇土市","ウトシ","1",,,,
"0432121","43","上天草市","カミアマクサシ","1",,,,
"0432130","43","宇城市","ウキシ","1",,,,
"0432148","43","阿蘇市","アソシ","1",,,,
"0432156","43","天草市","アマクサシ","1",,,,
"0432164","43","合志市","コウシシ","1",,,,
"0433489","43","美里町","ミサトマチ","0",,,,
"0433641","43","玉東町","ギョクトウマチ","0",,,,
"0433675","43","南関町","ナンカンマチ","0",,,,
"0433683","43","長洲町","ナガスマチ","0",,,,
"0433691","43","和水町","ナゴミマチ","0",,,,
"0434035","43","大津町","オオヅマチ","0",,,,
"0434043","43","菊陽町","キクヨウマチ","0",,,,
"0434230","43","南小国町","ミナミオグニマチ","0",,,,
"0434248","43","小国町","オグニマチ","0",,,,
"0434256","43","産山村","ウブヤマムラ","0",,,,
"0434281","43","高森町","タカモリマチ","0",,,,
"0434329","43","西原村","ニシハラムラ","0",,,,
"0434337","43","南阿蘇村","ミナミアソムラ","0",,,,
"0434418","43","御船町","ミフネマチ","0",,,,
"0434426","43","嘉島町","カシママチ","0",,,,
"0434434","43","益城町","マシキマチ","0",,,,
"0434442","43","甲佐町","コウサマチ","0",,,,
"0434477","43","山都町","ヤマトチョウ","0",,,,
"0434680","43","氷川町","ヒカワチョウ","0",,,,
"0434825","43","芦北町","アシキタマチ","0",,,,
"0434841","43","津奈木町","ツナギマチ","0",,,,
"0435015","43","錦町","ニシキマチ","0",,,,
"0435058","43","多良木町","タラギマチ","0",,,,
"0435066","43","湯前町","ユノマエマチ","0",,,,
"0435074","43","水上村","ミズカミムラ","0",,,,
"0435104","43","相良村","サガラムラ","0",,,,
"0435112","43","五木村","イツキムラ","0",,,,
"0435121","43","山江村","ヤマエムラ","0",,,,
"0435139","43","球磨村","クマムラ","0",,,,
"0435147","43","あさぎり町","アサギリチョウ","0",,,,
"0435317","43","苓北町","レイホクマチ","0",,,,
"0440001","44",,,"X",,,,
"0442011","44","大分市","オオイタシ","1",,,,
"0442020","44","別府市","ベップシ","1",,,,
"0442038","44","中津市","ナカツシ","1",,,,
"0442046","44","日田市","ヒタシ","1",,,,
"0442054","44","佐伯市","サイキシ","1",,,,
"0442062","44","臼杵市","ウスキシ","1",,,,
"0442071","44","津久見市","ツクミシ","1",,,,
"0442089","44","竹田市","タケタシ","1",,,,
"0442097","44","豊後高田市","ブンゴタカダシ","1",,,,
"0442101","44","杵築市","キツキシ","1",,,,
"0442119","44","宇佐市","ウサシ","1",,,,
"0442127","44","豊後大野市","ブンゴオオノシ","1",,,,
"0442135","44","由布市","ユフシ","1",,,,
"0442143","44","国東市","クニサキシ","1",,,,
"0443221","44","姫島村","ヒメシマムラ","0",,,,
"0443417","44","日出町","ヒジマチ","0",,,,
"0444618","44","九重町","ココノエマチ","0",,,,
"0444626","44","玖珠町","クスマチ","0",,,,
"0450006","45",,,"X",,,,
"0452017","45","宮崎市","ミヤザキシ","1",,,,
"0452025","45","都城市","ミヤコノジョウシ","1",,,,
"0452033","45","延岡市","ノベオカシ","1",,,,
"0452041","45","日南市","ニチナンシ","1",,,,
"0452050","45","小林市","コバヤシシ","1",,,,
"0452068","45","日向市","ヒュウガシ","1",,,,
"0452076","45","串間市","クシマシ","1",,,,
"0452084","45","西都市","サイトシ","1",,,,
"0452092","45","えびの市","エビノシ","1",,,,
"0453412","45","三股町","ミマタチョウ","0",,,,
"0453617","45","高原町","タカハルチョウ","0",,,,
"0453820","45","国富町","クニトミチョウ","0",,,,
"0453838","45","綾町","アヤチョウ","0",,,,
"0454010","45","高鍋町","タカナベチョウ","0",,,,
"0454028","45","新富町","シントミチョウ","0",,,,
"0454036","45","西米良村","ニシメラソン","0",,,,
"0454044","45","木城町","キジョウチョウ","0",,,,
"0454052","45","川南町","カワミナミチョウ","0",,,,
"0454061","45","都農町","ツノチョウ","0",,,,
"0454214","45","門川町","カドガワチョウ","0",,,,
"0454290","45","諸塚村","モロツカソン","0",,,,
"0454303","45","椎葉村","シイバソン","0",,,,
"0454311","45","美郷町","ミサトチョウ","0",,,,
"0454419","45","高千穂町","タカチホチョウ","0",,,,
"0454427","45","日之影町","ヒノカゲチョウ","0",,,,
"0454435","45","五ヶ瀬町","ゴカセチョウ","0",,,,
"0460001","46",,,"X",,,,
"0462012","46","鹿児島市","カゴシマシ","1",,,,
"0462039","46","鹿屋市","カノヤシ","1",,,,
"0462047","46","枕崎市","マクラザキシ","1",,,,
"0462063","46","阿久根市","アクネシ","1",,,,
"0462080","46","出水市","イズミシ","1",,,,
"0462101","46","指宿市","イブスキシ","1",,,,
"0462136","46","西之表市","ニシノオモテシ","1",,,,
"0462144","46","垂水市","タルミズシ","1",,,,
"0462152","46","薩摩川内市","サツマセンダイシ","1",,,,
"0462161","46","日置市","ヒオキシ","1",,,,
"0462179","46","曽於市","ソオシ","1",,,,
"0462187","46","霧島市","キリシマシ","1",,,,
"0462195","46","いちき串木野市","イチキクシキノシ","1",,,,
"0462209","46","南さつま市","ミナミサツマシ","1",,,,
"0462217","46","志布志市","シブシシ","1",,,,
"0462225","46","奄美市","アマミシ","1",,,,
"0462233","46","南九州市","ミナミキュウシュウシ","1",,,,
"0462241","46","伊佐市","イサシ","1",,,,
"0462250","46","姶良市","アイラシ","1",,,,
"0463035","46","三島村","ミシマムラ","0",,,,
"0463043","46","十島村","トシマムラ","0",,,,
"0463922","46","さつま町","サツマチョウ","0",,,,
"0464040","46","長島町","ナガシマチョウ","0",,,,
"0464520","46","湧水町","ユウスイチョウ","0",,,,
"0464686","46","大崎町","オオサキチョウ","0",,,,
"0464821","46","東串良町","ヒガシクシラチョウ","0",,,,
"0464902","46","錦江町","キンコウチョウ","0",,,,
"0464911","46","南大隅町","ミナミオオスミチョウ","0",,,,
"0464929","46","肝付町","キモツキチヨウ","0",,,,
"0465011","46","中種子町","ナカタネチョウ","0",,,,
"0465020","46","南種子町","ミナミタネチョウ","0",,,,
"0465054","46","屋久島町","ヤクシマチョウ","0",,,,
"0465232","46","大和村","ヤマトソン","0",,,,
"0465241","46","宇検村","ウケンソン","0",,,,
"0465259","46","瀬戸内町","セトウチチョウ","0",,,,
"0465275","46","龍郷町","タツゴウチョウ","0",,,,
"0465291","46","喜界町","キカイチョウ","0",,,,
"0465305","46","徳之島町","トクノシマチョウ","0",,,,
"0465313","46","天城町","アマギチョウ","0",,,,
"0465321","46","伊仙町","イセンチョウ","0",,,,
"0465330","46","和泊町","ワドマリチョウ","0",,,,
"0465348","46","知名町","チナチョウ","0",,,,
"0465356","46","与論町","ヨロンチョウ","0",,,,
"0470007","47",,,"X",,,,
"0472018","47","那覇市","ナハシ","1",,,,
"0472051","47","宜野湾市","ギノワンシ","1",,,,
"0472077","47","石垣市","イシガキシ","1",,,,
"0472085","47","浦添市","ウラソエシ","1",,,,
"0472093","47","名護市","ナゴシ","1",,,,
"0472107","47","糸満市","イトマンシ","1",,,,
"0472115","47","沖縄市","オキナワシ","1",,,,
"0472123","47","豊見城市","トミグスクシ","1",,,,
"0472131","47","うるま市","ウルマシ","1",,,,
"0472140","47","宮古島市","ミヤコジマシ","1",,,,
"0472158","47","南城市","ナンジョウシ","1",,,,
"0473014","47","国頭村","クニガミソン","0",,,,
"0473022","47","大宜味村","オオギミソン","0",,,,
"0473031","47","東村","ヒガシソン","0",,,,
"0473065","47","今帰仁村","ナキジンソン","0",,,,
"0473081","47","本部町","モトブチョウ","0",,,,
"0473111","47","恩納村","オンナソン","0",,,,
"0473138","47","宜野座村","ギノザソン","0",,,,
"0473146","47","金武町","キンチョウ","0",,,,
"0473154","47","伊江村","イエソン","0",,,,
"0473243","47","読谷村","ヨミタンソン","0",,,,
"0473251","47","嘉手納町","カデナチョウ","0",,,,
"0473260","47","北谷町","チヤタンチョウ","0",,,,
"0473278","47","北中城村","キタナカグスクソン","0",,,,
"0473286","47","中城村","ナカグスクソン","0",,,,
"0473294","47","西原町","ニシハラチョウ","0",,,,
"0473481","47","与那原町","ヨナバルチョウ","0",,,,
"0473502","47","南風原町","ハエバルチョウ","0",,,,
"0473537","47","渡嘉敷村","トカシキソン","0",,,,
"0473545","47","座間味村","ザマミソン","0",,,,
"0473553","47","粟国村","アグニソン","0",,,,
"0473561","47","渡名喜村","トナキソン","0",,,,
"0473570","47","南大東村","ミナミダイトウソン","0",,,,
"0473588","47","北大東村","キタダイトウソン","0",,,,
"0473596","47","伊平屋村","イヘヤソン","0",,,,
"0473600","47","伊是名村","イゼナソン","0",,,,
"0473618","47","久米島町","クメジマチョウ","0",,,,
"0473626","47","八重瀬町","ヤエセチョウ","0",,,,
"0473758","47","多良間村","タラマソン","0",,,,
"0473812","47","竹富町","タケトミチョウ","0",,,,
"0473821","47","与那国町","ヨナグニチョウ","0",,,,
