"hospital_no","file_no","name","extension","path","memo1","memo2","flg_display","course_no","rgst","updt","created_id","updated_id"
"20113","6121","10109793_main_sp","jpg","/img/hospital/s9102381/account/","林脳神経外科メディカルクリニック",,"0",,"2017-08-21 11:56:38","2019-11-12 14:22:09","epkdoc01","epkdoc01"
"20113","6123","10109793_1707_136_s2","jpg","/img/hospital/s9102381/account/","林脳神経外科メディカルクリニック",,"0",,"2017-08-21 11:56:38","2019-11-12 14:22:09","epkdoc01","epkdoc01"
"20113","6124","10109793_1707_146_s3","jpg","/img/hospital/s9102381/account/","林脳神経外科メディカルクリニック",,"0",,"2017-08-21 11:56:38","2019-11-12 14:22:09","epkdoc01","epkdoc01"
"20113","6125","10109793_old_003_s4","jpg","/img/hospital/s9102381/account/","林脳神経外科メディカルクリニック",,"0",,"2017-08-21 11:56:38","2019-11-12 14:22:09","epkdoc01","epkdoc01"
"20113","6126","10109793_old_004_s1","jpg","/img/hospital/s9102381/account/","林脳神経外科メディカルクリニック",,"0",,"2017-08-21 11:56:38","2019-11-12 14:22:09","epkdoc01","epkdoc01"
"20113","6127","10109793_1707_021","jpg","/img/hospital/s9102381/photo/","林脳神経外科メディカルクリニックの設備","婦人科の超音波検査室です。","2",,"2017-08-21 11:56:39","2019-11-12 14:22:11","epkdoc01","epkdoc01"
"20113","6128","10109793_1707_025","jpg","/img/hospital/s9102381/photo/","林脳神経外科メディカルクリニックの診察室","ていねいにご説明いたします。","2",,"2017-08-21 11:56:39","2019-11-12 14:22:11","epkdoc01","epkdoc01"
"20113","6130","10109793_1707_035","jpg","/img/hospital/s9102381/photo/","林脳神経外科メディカルクリニックの設備","婦人科診察室にはビタミンカラーを取り入れています。","2",,"2017-08-21 11:56:39","2019-11-12 14:22:11","epkdoc01","epkdoc01"
"20113","6131","10109793_1707_064","jpg","/img/hospital/s9102381/photo/","林脳神経外科メディカルクリニックの女性専用フロア","テレビやお読みものを各所に備えております。","2",,"2017-08-21 11:56:39","2019-11-12 14:22:12","epkdoc01","epkdoc01"
"20113","6132","10109793_1707_067","jpg","/img/hospital/s9102381/photo/","林脳神経外科メディカルクリニックの女性専用フロア","女性専用フロアは白を基調とした清潔感あふれる内装です。","2",,"2017-08-21 11:56:39","2019-11-12 14:22:12","epkdoc01","epkdoc01"
"20113","6133","10109793_1707_070","JPG","/img/hospital/s9102381/photo/","林脳神経外科メディカルクリニックの院内","バリアフリー設計のきれいなトイレです。","2",,"2017-08-21 11:56:39","2019-11-12 14:22:12","epkdoc01","epkdoc01"
"20113","6134","10109793_1707_072","jpg","/img/hospital/s9102381/photo/","林脳神経外科メディカルクリニックの設備","血圧を測ります。","2",,"2017-08-21 11:56:39","2019-11-12 14:22:11","epkdoc01","epkdoc01"
"20113","6135","10109793_1707_076","jpg","/img/hospital/s9102381/photo/","林脳神経外科メディカルクリニックの女性専用フロア","心地よいソファでおくつろぎください。","2",,"2017-08-21 11:56:39","2019-11-12 14:22:12","epkdoc01","epkdoc01"
"20113","6136","10109793_1707_081","jpg","/img/hospital/s9102381/photo/","林脳神経外科メディカルクリニックの女性専用フロア","地下1階に女性専用フロアをご用意しております。","2",,"2017-08-21 11:56:39","2019-11-12 14:22:12","epkdoc01","epkdoc01"
"20113","6137","10109793_1707_098","jpg","/img/hospital/s9102381/photo/","林脳神経外科メディカルクリニックの設備","内視鏡検査後のリカバリー室です。","2",,"2017-08-21 11:56:39","2019-11-12 14:22:11","epkdoc01","epkdoc01"
"20113","6138","10109793_1707_100","jpg","/img/hospital/s9102381/photo/","林脳神経外科メディカルクリニックの院内","こちらでお座りになりお待ちください。","2",,"2017-08-21 11:56:39","2019-11-12 14:22:12","epkdoc01","epkdoc01"
"20113","6139","10109793_1707_106","jpg","/img/hospital/s9102381/photo/","林脳神経外科メディカルクリニックの院内","足を伸ばしてリラックスできるスペースもあります。","2",,"2017-08-21 11:56:39","2019-11-12 14:22:12","epkdoc01","epkdoc01"
"20113","6140","10109793_1707_109","jpg","/img/hospital/s9102381/photo/","林脳神経外科メディカルクリニックの院内","諸手続を行うスペースです。","2",,"2017-08-21 11:56:39","2019-11-12 14:22:11","epkdoc01","epkdoc01"
"20113","6141","10109793_1707_113","jpg","/img/hospital/s9102381/photo/","林脳神経外科メディカルクリニックの院内","諸手続を行うスペースです。","2",,"2017-08-21 11:56:39","2019-11-12 14:22:11","epkdoc01","epkdoc01"
"20113","6142","10109793_1707_126","jpg","/img/hospital/s9102381/photo/","林脳神経外科メディカルクリニックの院内","中央待合室では健康に関するビデオ上映を行っております。","2",,"2017-08-21 11:56:39","2019-11-12 14:22:11","epkdoc01","epkdoc01"
"20113","6143","10109793_1707_131","jpg","/img/hospital/s9102381/photo/","林脳神経外科メディカルクリニックの院内","広々とした中待合スペース","2",,"2017-08-21 11:56:39","2019-11-12 14:22:12","epkdoc01","epkdoc01"
"20113","6145","10109793_1707_135","JPG","/img/hospital/s9102381/photo/","林脳神経外科メディカルクリニックの女性専用フロア","当院はお子さまとご一緒に受診できます。トイレにはベビーシートを備えています。","2",,"2017-08-21 11:56:39","2019-11-12 14:22:12","epkdoc01","epkdoc01"
"20113","6146","10109793_1707_137","jpg","/img/hospital/s9102381/photo/","林脳神経外科メディカルクリニックの院内","ロッカールームです。","2",,"2017-08-21 11:56:39","2019-11-12 14:22:12","epkdoc01","epkdoc01"
"20113","6147","10109793_1707_142","jpg","/img/hospital/s9102381/photo/","林脳神経外科メディカルクリニックの院内","こちらでお待ちください。","2",,"2017-08-21 11:56:39","2019-11-12 14:22:11","epkdoc01","epkdoc01"
"20113","6148","10109793_1707_144","jpg","/img/hospital/s9102381/photo/","林脳神経外科メディカルクリニックの院内","落ち着いた雰囲気の院内です。","2",,"2017-08-21 11:56:39","2019-11-12 14:22:11","epkdoc01","epkdoc01"
"20113","6149","10109793_1707_150","jpg","/img/hospital/s9102381/photo/","林脳神経外科メディカルクリニックの院内","総合受付前の待合スペースです。","2",,"2017-08-21 11:56:39","2019-11-12 14:22:11","epkdoc01","epkdoc01"
"20113","6150","10109793_1707_154","jpg","/img/hospital/s9102381/photo/","林脳神経外科メディカルクリニックの設備","超音波検査装置です。","2",,"2017-08-21 11:56:39","2019-11-12 14:22:11","epkdoc01","epkdoc01"
"20113","6151","10109793_1707_156","jpg","/img/hospital/s9102381/photo/","林脳神経外科メディカルクリニックの設備","心電図の検査です。","2",,"2017-08-21 11:56:39","2019-11-12 14:22:11","epkdoc01","epkdoc01"
"20113","6153","10109793_1707_161","jpg","/img/hospital/s9102381/photo/","林脳神経外科メディカルクリニックの診察室","診察室は4室ございます。","2",,"2017-08-21 11:56:39","2019-11-12 14:22:11","epkdoc01","epkdoc01"
"20113","6155","10109793_old_002","jpg","/img/hospital/s9102381/photo/","林脳神経外科メディカルクリニックの女性専用フロア","女性専用フロアのサロンです。","2",,"2017-08-21 11:56:39","2019-11-12 14:22:12","epkdoc01","epkdoc01"
"20113","6156","10109793_old_005","JPG","/img/hospital/s9102381/photo/","林脳神経外科メディカルクリニックの外観","当院へはこちらよりお入りください。","2",,"2017-08-21 11:56:39","2019-11-12 14:22:12","epkdoc01","epkdoc01"
"20113","6157","10109793_1707_136","jpg","/img/hospital/s9102381/photo/","林脳神経外科メディカルクリニックの院内","落ち着いた雰囲気の院内です。","2",,"2017-08-21 11:56:40","2019-11-12 14:22:11","epkdoc01","epkdoc01"
"20113","6158","10109793_1707_146","jpg","/img/hospital/s9102381/photo/","林脳神経外科メディカルクリニックの院内","総合受付はこちらになります。","2",,"2017-08-21 11:56:40","2019-11-12 14:22:11","epkdoc01","epkdoc01"
"20113","6159","10109793_old_003","jpg","/img/hospital/s9102381/photo/","林脳神経外科メディカルクリニックの設備","3.0テスラのMRI検査装置です。","2",,"2017-08-21 11:56:40","2019-11-12 14:22:10","epkdoc01","epkdoc01"
"20113","6160","10109793_old_004","jpg","/img/hospital/s9102381/photo/","林脳神経外科メディカルクリニックのスタッフ","当院へのご来院を心よりお待ちしております。","2",,"2017-08-21 11:56:40","2019-11-12 14:22:10","epkdoc01","epkdoc01"
"20113","6161","10109793_main_pc","jpg","/img/hospital/s9102381/account/","林脳神経外科メディカルクリニック",,"0",,"2017-08-21 11:58:07","2019-11-12 14:22:09","epkdoc01","epkdoc01"
"20113","20631","10109793_1707_033","jpg","/img/hospital/s9102381/photo/","林脳神経外科メディカルクリニックの設備","マンモグラフィ検査装置です。","2",,"2017-08-31 10:27:28","2019-11-12 14:22:11","epkdoc01","epkdoc01"
"20113","21144","10109793_1707_055_k4","jpg","/img/hospital/s9102381/account/","林脳神経外科メディカルクリニックの待合室",,"0",,"2017-09-01 14:15:22","2019-11-12 14:22:10","epkdoc01","epkdoc01"
"20113","21145","10109793_1707_090_k3","jpg","/img/hospital/s9102381/account/","林脳神経外科メディカルクリニックの診察室",,"0",,"2017-09-01 14:15:22","2019-11-12 14:22:10","epkdoc01","epkdoc01"
"20113","21146","10109793_old_003_k1","jpg","/img/hospital/s9102381/account/","林脳神経外科メディカルクリニックのMRI",,"0",,"2017-09-01 14:15:22","2019-11-12 14:22:10","epkdoc01","epkdoc01"
"20113","21147","10109793_old_004_k2","jpg","/img/hospital/s9102381/account/","林脳神経外科メディカルクリニックの受付",,"0",,"2017-09-01 14:15:22","2019-11-12 14:22:10","epkdoc01","epkdoc01"
"20462","24691","10173674_main_pc","jpg","/img/hospital/s6595269/account/","明治安田新宿健診センター",,"0",,"2017-12-13 16:02:35","2019-10-01 10:48:30","epkdoc01","epkdoc01"
"20462","24692","10173674_main_sp","jpg","/img/hospital/s6595269/account/","明治安田新宿健診センター",,"0",,"2017-12-13 16:02:35","2019-10-01 10:48:30","epkdoc01","epkdoc01"
"20462","24693","10173674_1711_029_s1","JPG","/img/hospital/s6595269/account/","明治安田新宿健診センター",,"0",,"2017-12-13 16:02:35","2019-10-01 10:48:30","epkdoc01","epkdoc01"
"20462","24694","10173674_1711_031_s2","JPG","/img/hospital/s6595269/account/","明治安田新宿健診センター",,"0",,"2017-12-13 16:02:35","2019-10-01 10:48:30","epkdoc01","epkdoc01"
"20462","24695","10173674_1711_046_s3","JPG","/img/hospital/s6595269/account/","明治安田新宿健診センター",,"0",,"2017-12-13 16:02:35","2019-10-01 10:48:30","epkdoc01","epkdoc01"
"20462","24698","10173674_1711_003","JPG","/img/hospital/s6595269/photo/","明治安田新宿健診センターの看板","入口の看板が目印です。","2",,"2017-12-13 16:02:35","2019-10-01 10:48:31","epkdoc01","epkdoc01"
"20462","24699","10173674_1711_006","JPG","/img/hospital/s6595269/photo/","明治安田新宿健診センターのスタッフ","検査結果でわからない事があれば何でもご相談ください。","2",,"2017-12-13 16:02:35","2019-10-01 10:48:31","epkdoc01","epkdoc01"
"20462","24701","10173674_1711_011","JPG","/img/hospital/s6595269/photo/","明治安田新宿健診センターのスタッフ","お電話でのご相談も受付ております。","2",,"2017-12-13 16:02:35","2019-10-01 10:48:31","epkdoc01","epkdoc01"
"20462","24702","10173674_1711_012","JPG","/img/hospital/s6595269/photo/","明治安田新宿健診センターのスタッフ","看護師が丁寧に対応致します。","2",,"2017-12-13 16:02:35","2019-10-01 10:48:31","epkdoc01","epkdoc01"
"20462","24703","10173674_1711_013","JPG","/img/hospital/s6595269/photo/","明治安田新宿健診センターの内視鏡","内視鏡（経鼻・経口）は一日20名まで予約可能です。","2",,"2017-12-13 16:02:35","2019-10-01 10:48:31","epkdoc01","epkdoc01"
"20462","24704","10173674_1711_014","JPG","/img/hospital/s6595269/photo/","明治安田新宿健診センターのスタッフ","皆さまのご来院をお待ちしております。","2",,"2017-12-13 16:02:35","2019-10-01 10:48:31","epkdoc01","epkdoc01"
"20462","24705","10173674_1711_017","JPG","/img/hospital/s6595269/photo/","明治安田新宿健診センターのエコー検査","腹部エコーをはじめ、様々な超音波検査を行っています。","2",,"2017-12-13 16:02:35","2019-10-01 10:48:31","epkdoc01","epkdoc01"
"20462","24706","10173674_1711_018","JPG","/img/hospital/s6595269/photo/","明治安田新宿健診センターのスタッフ","乳がん検診は女性技師が対応致します。","2",,"2017-12-13 16:02:35","2019-10-01 10:48:31","epkdoc01","epkdoc01"
"20462","24707","10173674_1711_019","JPG","/img/hospital/s6595269/photo/","明治安田新宿健診センターのスタッフ","検査前にはしっかりと説明を行います。","2",,"2017-12-13 16:02:35","2019-10-01 10:48:31","epkdoc01","epkdoc01"
"20462","24708","10173674_1711_020","JPG","/img/hospital/s6595269/photo/","明治安田新宿健診センターのマンモグラフィ","検査時も女性技師がサポート致します。","2",,"2017-12-13 16:02:35","2019-10-01 10:48:31","epkdoc01","epkdoc01"
"20462","24709","10173674_1711_024","JPG","/img/hospital/s6595269/photo/","明治安田新宿健診センターのスタッフ","「エスコート」がご案内します。","2",,"2017-12-13 16:02:35","2019-10-01 10:48:31","epkdoc01","epkdoc01"
"20462","24710","10173674_1711_026","JPG","/img/hospital/s6595269/photo/","明治安田新宿健診センターのスタッフ","スムーズにご受診できるようサポート致します。","2",,"2017-12-13 16:02:35","2019-10-01 10:48:31","epkdoc01","epkdoc01"
"20462","24711","10173674_1711_027","JPG","/img/hospital/s6595269/photo/","明治安田新宿健診センターのX線装置","人間ドックの胃の検査は基本的に胃部X線となります。","2",,"2017-12-13 16:02:35","2019-10-01 10:48:31","epkdoc01","epkdoc01"
"20462","24712","10173674_1711_028","JPG","/img/hospital/s6595269/photo/","明治安田新宿健診センターの診断","診断はダブルチェックで行っています。","2",,"2017-12-13 16:02:35","2019-10-01 10:48:32","epkdoc01","epkdoc01"
"20462","24713","10173674_1711_029","JPG","/img/hospital/s6595269/photo/","明治安田新宿健診センターの受付","こちらが受付です。","2",,"2017-12-13 16:02:35","2019-10-01 10:48:32","epkdoc01","epkdoc01"
"20462","24715","10173674_1711_031","JPG","/img/hospital/s6595269/photo/","明治安田新宿健診センターの待合室","広々とした待合室でおくつろぎください。","2",,"2017-12-13 16:02:35","2019-10-01 10:48:32","epkdoc01","epkdoc01"
"20462","24717","10173674_1711_034","JPG","/img/hospital/s6595269/photo/","明治安田新宿健診センターのマッサージチェア","マッサージチェアのあるスペースもございます。","2",,"2017-12-13 16:02:35","2019-10-01 10:48:32","epkdoc01","epkdoc01"
"20462","24718","10173674_1711_035","JPG","/img/hospital/s6595269/photo/","明治安田新宿健診センターの血圧測定","待ち時間にご利用いただけます。","2",,"2017-12-13 16:02:35","2019-10-01 10:48:32","epkdoc01","epkdoc01"
"20462","24719","10173674_1711_036","JPG","/img/hospital/s6595269/photo/","明治安田新宿健診センターの廊下","施設内には道案内があり、スムーズに移動ができます。","2",,"2017-12-13 16:02:35","2019-10-01 10:48:32","epkdoc01","epkdoc01"
"20462","24722","10173674_1711_046","JPG","/img/hospital/s6595269/photo/","明治安田新宿健診センターのマンモグラフィ","当健診センターの3Dマンモグラフィです。","2",,"2017-12-13 16:02:36","2019-10-01 10:48:32","epkdoc01","epkdoc01"
"20462","24723","10173674_1711_050","JPG","/img/hospital/s6595269/photo/","明治安田新宿健診センターのX線装置","当健診センターの胸部X線装置です。","2",,"2017-12-13 16:02:36","2019-10-01 10:48:31","epkdoc01","epkdoc01"
"20462","24724","10173674_1711_051","JPG","/img/hospital/s6595269/photo/","明治安田新宿健診センターの中待合室","検査室前にも中待合室がございます。","2",,"2017-12-13 16:02:36","2019-10-01 10:48:31","epkdoc01","epkdoc01"
"20462","24725","10173674_1711_052","JPG","/img/hospital/s6595269/photo/","明治安田新宿健診センター","待合室にはウォーターサーバーを設置しています。","2",,"2017-12-13 16:02:36","2019-10-01 10:48:31","epkdoc01","epkdoc01"
"20462","24726","10173674_1711_054","JPG","/img/hospital/s6595269/photo/","明治安田新宿健診センターの更衣室","当健診センターのロッカールームです。","2",,"2017-12-13 16:02:36","2019-10-01 10:48:31","epkdoc01","epkdoc01"
"20462","24727","10173674_1711_055","JPG","/img/hospital/s6595269/photo/","明治安田新宿健診センターのパウダールーム","ロッカールームには、パウダールームもございます。","2",,"2017-12-13 16:02:36","2019-10-01 10:48:31","epkdoc01","epkdoc01"
"20462","24728","10173674_1711_056","JPG","/img/hospital/s6595269/photo/","明治安田新宿健診センターのアメニティグッズ","アメニティグッズも取り揃えております。","2",,"2017-12-13 16:02:36","2019-10-01 10:48:31","epkdoc01","epkdoc01"
"20462","24729","10173674_1711_058","JPG","/img/hospital/s6595269/photo/","明治安田新宿健診センターの入り口","ビルの入口です。","2",,"2017-12-13 16:02:36","2019-10-01 10:48:31","epkdoc01","epkdoc01"
"20462","24731","02","jpg","/img/hospital/s6595269/course/",,,"1",,"2017-12-13 16:02:36","2019-10-01 10:48:32","epkdoc01","epkdoc01"
"20462","24732","03","jpg","/img/hospital/s6595269/course/",,,"1",,"2017-12-13 16:02:36","2019-10-01 10:48:32","epkdoc01","epkdoc01"
"20462","24733","04","jpg","/img/hospital/s6595269/course/",,,"1",,"2017-12-13 16:02:36","2019-10-01 10:48:32","epkdoc01","epkdoc01"
"20462","24734","05","jpg","/img/hospital/s6595269/course/",,,"1",,"2017-12-13 16:02:36","2019-10-01 10:48:32","epkdoc01","epkdoc01"
"20462","24735","06","jpg","/img/hospital/s6595269/course/",,,"1",,"2017-12-13 16:02:36","2019-10-01 10:48:32","epkdoc01","epkdoc01"
"20462","24736","07","jpg","/img/hospital/s6595269/course/",,,"1",,"2017-12-13 16:02:36","2019-10-01 10:48:32","epkdoc01","epkdoc01"
"20462","24737","08","jpg","/img/hospital/s6595269/course/",,,"1",,"2017-12-13 16:02:36","2019-10-01 10:48:32","epkdoc01","epkdoc01"
"20462","24738","09-2","jpg","/img/hospital/s6595269/course/",,,"1",,"2017-12-13 16:02:36","2019-10-01 10:48:32","epkdoc01","epkdoc01"
"20462","24739","10-2","jpg","/img/hospital/s6595269/course/",,,"1",,"2017-12-13 16:02:36","2019-10-01 10:48:32","epkdoc01","epkdoc01"
"20462","24740","11","jpg","/img/hospital/s6595269/course/",,,"1",,"2017-12-13 16:02:36","2019-10-01 10:48:32","epkdoc01","epkdoc01"
"20462","24741","12","jpg","/img/hospital/s6595269/course/",,,"1",,"2017-12-13 16:02:36","2019-10-01 10:48:32","epkdoc01","epkdoc01"
"20462","24742","13","jpg","/img/hospital/s6595269/course/",,,"1",,"2017-12-13 16:02:36","2019-10-01 10:48:32","epkdoc01","epkdoc01"
"20462","24743","14","jpg","/img/hospital/s6595269/course/",,,"1",,"2017-12-13 16:02:36","2019-10-01 10:48:32","epkdoc01","epkdoc01"
"20462","24744","15","jpg","/img/hospital/s6595269/course/",,,"1",,"2017-12-13 16:02:36","2019-10-01 10:48:32","epkdoc01","epkdoc01"
"20462","24838","10173674_1711_020_k2","JPG","/img/hospital/s6595269/account/","明治安田新宿健診センターのマンモグラフィ",,"0",,"2017-12-14 17:53:13","2019-10-01 10:48:31","epkdoc01","epkdoc01"
"20462","24839","10173674_1711_024_k1","JPG","/img/hospital/s6595269/account/","明治安田新宿健診センターのコンシェルジュ",,"0",,"2017-12-14 17:53:13","2019-10-01 10:48:30","epkdoc01","epkdoc01"
"20462","24840","10173674_1711_028_k3","JPG","/img/hospital/s6595269/account/","明治安田新宿健診センターの胃バリウム検査",,"0",,"2017-12-14 17:53:13","2019-10-01 10:48:30","epkdoc01","epkdoc01"
"20462","24841","10173674_1711_034_k4","JPG","/img/hospital/s6595269/account/","明治安田新宿健診センターのマッサージいす",,"0",,"2017-12-14 17:53:13","2019-10-01 10:48:30","epkdoc01","epkdoc01"
"20462","25229","10173674_1711_062","JPG","/img/hospital/s6595269/photo/","明治安田新宿健診センターの外観","当ビルの近くにはコクーンタワーがございます。","2",,"2017-12-26 12:40:16","2019-10-01 10:48:32","epkdoc01","epkdoc01"
"20462","25230","10173674_1711_066","JPG","/img/hospital/s6595269/photo/","明治安田新宿健診センターの肺機能検査","肺機能検査で使用します。","2",,"2017-12-26 12:40:16","2019-10-01 10:48:32","epkdoc01","epkdoc01"
"20462","25231","10173674_1711_071","JPG","/img/hospital/s6595269/photo/","明治安田新宿健診センターの子宮がん健診","子宮がん健診も実施しています。","2",,"2017-12-26 12:40:16","2019-10-01 10:48:32","epkdoc01","epkdoc01"
"20462","25232","10173674_1711_074","JPG","/img/hospital/s6595269/photo/","明治安田新宿健診センターの血圧測定","健診の血圧測定で使用します。","2",,"2017-12-26 12:40:16","2019-10-01 10:48:32","epkdoc01","epkdoc01"
"20462","25234","10173674_1711_084","JPG","/img/hospital/s6595269/photo/",,,"2",,"2017-12-26 12:40:16","2019-10-01 10:48:31","epkdoc01","epkdoc01"
"20462","25235","10173674_1711_089","JPG","/img/hospital/s6595269/photo/","明治安田新宿健診センターのセンター長","センター所長の内田 賢です。","2",,"2017-12-26 12:40:16","2019-10-01 10:48:31","epkdoc01","epkdoc01"
"20462","25236","10173674_1711_062_s4","JPG","/img/hospital/s6595269/account/","明治安田新宿健診センター",,"0",,"2017-12-26 12:49:17","2019-10-01 10:48:31","epkdoc01","epkdoc01"
"20462","25284","10173674_1711_081","jpg","/img/hospital/s6595269/photo/","明治安田新宿健診センターのウォーターサーバー","当健診センターの診療室です。","2",,"2017-12-26 17:42:20","2019-10-01 10:48:31","epkdoc01","epkdoc01"
"20462","26091","01-2","jpg","/img/hospital/s6595269/course/",,,"1",,"2018-01-17 17:23:05","2019-10-01 10:48:32","epkdoc01","epkdoc01"
"20462","26092","01-3","jpg","/img/hospital/s6595269/course/",,,"1",,"2018-01-17 17:23:05","2019-10-01 10:48:32","epkdoc01","epkdoc01"
"20462","26093","01-4","jpg","/img/hospital/s6595269/course/",,,"1",,"2018-01-17 17:23:05","2019-10-01 10:48:32","epkdoc01","epkdoc01"
"20462","26094","01-5","jpg","/img/hospital/s6595269/course/",,,"1",,"2018-01-17 17:23:05","2019-10-01 10:48:32","epkdoc01","epkdoc01"
"20462","26185","10173674_1711_089_i","JPG","/img/hospital/s6595269/account/","3Dマンモグラフィ検査を導入し、高濃度乳腺の画像診断を可能とするなど、乳がん健診の診断能力の向上を目指しています",,"0",,"2018-01-18 17:22:51","2019-10-01 10:48:30","epkdoc01","epkdoc01"
"20113","27113","14","jpg","/img/hospital/s9102381/course/",,,"1",,"2018-02-06 14:36:16","2019-09-24 12:23:42","epkdoc01","epkdoc01"
"20113","27871","10109793_1707_090","jpg","/img/hospital/s9102381/photo/","林脳神経外科メディカルクリニックの内視鏡検査","内視鏡検査室です。","2",,"2018-02-21 13:42:46","2019-11-12 14:22:11","epkdoc01","epkdoc01"
"20462","30540","09-4","jpg","/img/hospital/s6595269/course/",,,"1",,"2018-04-03 17:36:10","2019-10-01 10:48:32","epkdoc01","epkdoc01"
"20462","30541","10-4","jpg","/img/hospital/s6595269/course/",,,"1",,"2018-04-03 17:36:10","2019-10-01 10:48:32","epkdoc01","epkdoc01"
"20113","31858","01-3","jpg","/img/hospital/s9102381/course/",,,"1",,"2018-04-25 10:04:15","2019-09-24 12:23:42","epkdoc01","epkdoc01"
"20113","31859","01-3_02","jpg","/img/hospital/s9102381/course/",,,"1",,"2018-04-25 10:11:06","2019-09-24 12:23:42","epkdoc01","epkdoc01"
"20113","31860","01-3_02_07","jpg","/img/hospital/s9102381/course/",,,"1",,"2018-04-25 10:11:06","2019-09-24 12:23:42","epkdoc01","epkdoc01"
"20113","31861","01-3_02_04_06","jpg","/img/hospital/s9102381/course/",,,"1",,"2018-04-25 10:11:06","2019-09-24 12:23:42","epkdoc01","epkdoc01"
"20113","31862","02","jpg","/img/hospital/s9102381/course/",,,"1",,"2018-04-25 10:11:06","2019-09-24 12:23:42","epkdoc01","epkdoc01"
"20113","31863","12","jpg","/img/hospital/s9102381/course/",,,"1",,"2018-04-25 10:11:06","2019-09-24 12:23:42","epkdoc01","epkdoc01"
"20113","31864","13","jpg","/img/hospital/s9102381/course/",,,"1",,"2018-04-25 10:11:06","2019-09-24 12:23:42","epkdoc01","epkdoc01"
"20113","31868","01-4_02_07","jpg","/img/hospital/s9102381/course/",,,"1",,"2018-04-25 13:54:16","2019-09-24 12:23:42","epkdoc01","epkdoc01"
"20113","31869","02_07_15","jpg","/img/hospital/s9102381/course/",,,"1",,"2018-04-25 13:54:16","2019-09-24 12:23:42","epkdoc01","epkdoc01"
"20113","31870","02_07_10-3","jpg","/img/hospital/s9102381/course/",,,"1",,"2018-04-25 13:54:16","2019-09-24 12:23:42","epkdoc01","epkdoc01"
"20113","31871","02_07_10-4","jpg","/img/hospital/s9102381/course/",,,"1",,"2018-04-25 13:54:16","2019-09-24 12:23:42","epkdoc01","epkdoc01"
"20113","31872","01-3_02_06_07","jpg","/img/hospital/s9102381/course/",,,"1",,"2018-04-25 13:54:45","2019-09-24 12:23:42","epkdoc01","epkdoc01"
"20113","40543","hayashinoushinkei_Sensei_1024","jpg","/img/hospital/s9102381/account/","日本脳ドック学会推奨の脳ドックで早期発見早期治療を目指しています。	",,"0",,"2018-10-24 17:24:29","2019-11-12 14:22:10","epkdoc01","epkdoc01"
"20462","41613","dummy","jpg","/img/hospital/dummy/account/","https://play.bespotful.com/11207",,"0",,"2018-11-08 12:52:49","2019-09-19 10:55:11","epkdoc01","epkdoc01"
"20113","42884","dummy","jpg","/img/hospital/dummy/account/","https://play.bespotful.com/11093",,"0",,"2018-12-03 12:45:06","2019-11-12 14:22:10","epkdoc01","epkdoc01"
"20462","46326","02-2_10-2","jpg","/img/hospital/s6595269/course/",,,"1",,"2019-02-18 10:37:45","2019-10-01 10:48:32","epkdoc01","epkdoc01"
"20462","46327","02-2_09-2","jpg","/img/hospital/s6595269/course/",,,"1",,"2019-02-18 10:38:23","2019-10-01 10:48:32","epkdoc01","epkdoc01"
"20462","46328","02-2_09-4","jpg","/img/hospital/s6595269/course/",,,"1",,"2019-02-18 10:38:23","2019-10-01 10:48:32","epkdoc01","epkdoc01"
"20462","46329","02-2_10-4","jpg","/img/hospital/s6595269/course/",,,"1",,"2019-02-18 10:38:23","2019-10-01 10:48:32","epkdoc01","epkdoc01"
"20462","46488","10173674_1902_011","jpg","/img/hospital/s6595269/photo/","明治安田新宿健診センターのスタッフ","検査結果でわからない事があれば何でもご相談ください。","2",,"2019-02-20 16:47:38","2019-10-01 10:48:31","epkdoc01","epkdoc01"
"20462","46491","10173674_main_pc_2","jpg","/img/hospital/s6595269/account/","明治安田新宿健診センター",,"0",,"2019-02-20 16:58:28","2019-10-01 10:48:31","epkdoc01","epkdoc01"
"20462","46492","10173674_main_sp_2","jpg","/img/hospital/s6595269/account/","明治安田新宿健診センター",,"0",,"2019-02-20 16:58:28","2019-10-01 10:48:31","epkdoc01","epkdoc01"
"20462","46503","10173674_main_pc_3","jpg","/img/hospital/s6595269/account/","明治安田新宿健診センター",,"0",,"2019-02-20 17:47:14","2019-10-01 10:48:31","epkdoc01","epkdoc01"
"20462","46514","10173674_main_sp_3","jpg","/img/hospital/s6595269/account/","明治安田新宿健診センター",,"0",,"2019-02-20 17:53:40","2019-10-01 10:48:31","epkdoc01","epkdoc01"
"21220","47142","dummy","jpg","/img/hospital/dummy/account/",,,"0",,"2019-03-05 14:57:55","2019-11-08 11:53:01","epkdoc01","epkdoc01"
"20462","47780","10173674_1903_001","jpg","/img/hospital/s6595269/photo/","明治安田新宿健診センターのスタッフ","スムーズにご受診できるようサポート致します。","2",,"2019-03-14 09:18:27","2019-10-01 10:48:31","epkdoc01","epkdoc01"
"20462","47781","10173674_1903_002","jpg","/img/hospital/s6595269/photo/","明治安田新宿健診センターのスタッフ","「エスコート」がご案内します。","2",,"2019-03-14 09:18:27","2019-10-01 10:48:31","epkdoc01","epkdoc01"
"20462","47782","01","jpg","/img/hospital/s6595269/course/",,,"1",,"2019-03-14 09:18:28","2019-10-01 10:48:32","epkdoc01","epkdoc01"
"20462","48134","10173674_1903_002_k1","jpg","/img/hospital/s6595269/account/","明治安田新宿健診センターのコンシェルジュ",,"0",,"2019-03-18 11:41:59","2019-10-01 10:48:30","epkdoc01","epkdoc01"
"20462","48151","10173674_1903_002_k1_2","jpg","/img/hospital/s6595269/account/","明治安田新宿健診センターのコンシェルジュ",,"0",,"2019-03-19 12:15:02","2019-10-01 10:48:30","epkdoc01","epkdoc01"
"20462","48153","10173674_1902_008_k2_2","jpg","/img/hospital/s6595269/account/","明治安田新宿健診センターのマンモグラフィ",,"0",,"2019-03-19 12:21:14","2019-10-01 10:48:30","epkdoc01","epkdoc01"
"20462","48154","10173674_1903_003","jpg","/img/hospital/s6595269/photo/","明治安田新宿健診センターのスタッフ","検査前にはしっかりと説明を行います。","2",,"2019-03-19 12:51:58","2019-10-01 10:48:31","epkdoc01","epkdoc01"
"20462","48155","10173674_1903_003","jpg","/img/hospital/s6595269/account/",,,"0",,"2019-03-19 12:53:26","2019-10-01 10:48:30","epkdoc01","epkdoc01"
"20462","48156","10173674_1902_009","jpg","/img/hospital/s6595269/photo/","明治安田新宿健診センターの内視鏡","内視鏡（経鼻・経口）も枠を増やしてお待ちしております。","2",,"2019-03-19 12:59:54","2019-10-01 10:48:31","epkdoc01","epkdoc01"
"20462","48157","10173674_1902_008_k2_2","jpg","/img/hospital/s6595269/photo/","明治安田新宿健診センターのマンモグラフィ","検査時も女性技師がサポート致します。","2",,"2019-03-19 13:02:54","2019-10-01 10:48:31","epkdoc01","epkdoc01"
"20462","48159","10173674_1902_010","jpg","/img/hospital/s6595269/photo/","明治安田新宿健診センターのエコー検査","腹部エコーをはじめ、様々な超音波検査を行っています。","2",,"2019-03-19 13:08:34","2019-10-01 10:48:31","epkdoc01","epkdoc01"
"21220","48380","08","jpg","/img/hospital/x2728058/course/",,,"1",,"2019-03-25 10:36:58","2019-11-08 11:52:42","epkdoc01","epkdoc01"
"21220","48381","14","jpg","/img/hospital/x2728058/course/",,,"1",,"2019-03-25 10:36:58","2019-11-08 11:52:42","epkdoc01","epkdoc01"
"21220","48634","10294723_main_pc_2","jpg","/img/hospital/x2728058/account/",,,"0",,"2019-03-26 15:05:19","2019-11-08 11:52:42","epkdoc01","epkdoc01"
"21220","48635","10294723_main_sp_2","jpg","/img/hospital/x2728058/account/",,,"0",,"2019-03-26 15:05:19","2019-11-08 11:52:42","epkdoc01","epkdoc01"
"21220","48636","top_sample1","jpg","/img/hospital/x2728058/account/",,,"0",,"2019-03-26 15:05:19","2019-11-08 11:52:42","epkdoc01","epkdoc01"
"21220","48637","top_sample2","jpg","/img/hospital/x2728058/account/",,,"0",,"2019-03-26 15:05:19","2019-11-08 11:52:42","epkdoc01","epkdoc01"
"21220","48638","top_sample3","jpg","/img/hospital/x2728058/account/",,,"0",,"2019-03-26 15:05:19","2019-11-08 11:52:42","epkdoc01","epkdoc01"
"21220","48639","top_sample4","jpg","/img/hospital/x2728058/account/",,,"0",,"2019-03-26 15:05:19","2019-11-08 11:52:42","epkdoc01","epkdoc01"
"20462","49150","D20462_sp600_400_btn_tour","png","/img/hospital/s6595269/account/",,,"0",,"2019-04-03 14:08:32","2019-10-01 10:48:31","epkdoc01","epkdoc01"
"21276","49508","dummy","jpg","/img/hospital/dummy/account/",,,"0",,"2019-04-09 17:58:44","2019-11-21 12:56:42","epkdoc01","epkdoc01"
"21276","50053","1_main_sp","jpg","/img/hospital/K332/account/",,,"0",,"2019-04-16 09:48:57","2019-11-21 12:56:41","epkdoc01","epkdoc01"
"21276","50054","2_main_pc","jpg","/img/hospital/K332/account/",,,"0",,"2019-04-16 09:48:57","2019-11-15 16:25:15","epkdoc01","epkdoc01"
"21276","50055","top_sample01 ","jpg","/img/hospital/K332/account/",,,"0",,"2019-04-16 09:48:57","2019-11-15 16:25:15","epkdoc01","epkdoc01"
"21276","50056","top_sample2","jpg","/img/hospital/K332/account/",,,"0",,"2019-04-16 09:48:57","2019-11-15 16:25:15","epkdoc01","epkdoc01"
"21276","50057","top_sample3","jpg","/img/hospital/K332/account/",,,"0",,"2019-04-16 09:48:57","2019-11-15 16:25:15","epkdoc01","epkdoc01"
"21276","50058","top_sample4","jpg","/img/hospital/K332/account/",,,"0",,"2019-04-16 09:48:57","2019-11-15 16:25:15","epkdoc01","epkdoc01"
"21276","50357","02","jpg","/img/hospital/m3913451/course/",,,"1",,"2019-04-19 14:58:11","2019-11-15 16:25:16","epkdoc01","epkdoc01"
"21276","50358","02-2","jpg","/img/hospital/m3913451/course/",,,"1",,"2019-04-19 14:58:11","2019-11-15 16:25:16","epkdoc01","epkdoc01"
"21276","50359","14","jpg","/img/hospital/m3913451/course/",,,"1",,"2019-04-19 14:58:11","2019-11-15 16:25:16","epkdoc01","epkdoc01"
"21369","53010","dummy","jpg","/img/hospital/dummy/account/",,,"0",,"2019-06-07 15:00:08","2019-11-01 17:26:15","epkdoc01","epkdoc01"
"20113","53216","10109793_0000_001","jpg","/img/hospital/s9102381/photo/","林脳神経外科メディカルクリニックのスタッフ","井上先生","2",,"2019-06-12 16:21:42","2019-11-12 14:22:10","epkdoc01","epkdoc01"
"20113","53217","10109793_0000_002","jpg","/img/hospital/s9102381/photo/","林脳神経外科メディカルクリニックのスタッフ","森原先生","2",,"2019-06-12 16:21:42","2019-11-12 14:22:10","epkdoc01","epkdoc01"
"20113","53218","10109793_0000_003","jpg","/img/hospital/s9102381/photo/","林脳神経外科メディカルクリニックのスタッフ","本田 泰教先生","2",,"2019-06-12 16:21:42","2019-11-12 14:22:10","epkdoc01","epkdoc01"
"20113","53219","10109793_0000_004","jpg","/img/hospital/s9102381/photo/","林脳神経外科メディカルクリニックのスタッフ","高木先生","2",,"2019-06-12 16:21:42","2019-11-12 14:22:10","epkdoc01","epkdoc01"
"20113","53220","10109793_0000_005","jpg","/img/hospital/s9102381/photo/","林脳神経外科メディカルクリニックのスタッフ","本田 菜摘先生","2",,"2019-06-12 16:21:42","2019-11-12 14:22:10","epkdoc01","epkdoc01"
"20113","53221","10109793_0000_006","jpg","/img/hospital/s9102381/photo/","林脳神経外科メディカルクリニックのスタッフ","院長：林 靖人先生","2",,"2019-06-12 16:21:42","2019-11-12 14:22:10","epkdoc01","epkdoc01"
"20113","53222","10109793_0000_008","jpg","/img/hospital/s9102381/photo/","林脳神経外科メディカルクリニックのスタッフ","皆様のQOL向上のお手伝いをいたします。","2",,"2019-06-12 16:21:42","2019-11-12 14:22:10","epkdoc01","epkdoc01"
"20113","53223","10109793_0000_010","jpg","/img/hospital/s9102381/photo/","林脳神経外科メディカルクリニックのスタッフ","少しでも苦痛や不安を軽減できるよう努めます。","2",,"2019-06-12 16:21:42","2019-11-12 14:22:10","epkdoc01","epkdoc01"
"20113","53224","10109793_0000_011","jpg","/img/hospital/s9102381/photo/","林脳神経外科メディカルクリニックのスタッフ","検査結果は分かりやすく説明するよう心がけています。","2",,"2019-06-12 16:21:42","2019-11-12 14:22:10","epkdoc01","epkdoc01"
"20113","53225","10109793_0000_012","jpg","/img/hospital/s9102381/photo/","林脳神経外科メディカルクリニックのスタッフ","ご不安なことがあればお申し出ください。","2",,"2019-06-12 16:21:42","2019-11-12 14:22:10","epkdoc01","epkdoc01"
"20113","53226","10109793_0000_015","jpg","/img/hospital/s9102381/photo/","林脳神経外科メディカルクリニックのスタッフ","検査画像は複数の医師で読影いたします。","2",,"2019-06-12 16:21:42","2019-11-12 14:22:10","epkdoc01","epkdoc01"
"21369","53398","10297900_main_pc","jpg","/img/hospital/K395/account/",,,"0",,"2019-06-14 17:58:43","2019-11-01 17:16:12","epkdoc01","epkdoc01"
"21369","53399","10297900_main_sp","jpg","/img/hospital/K395/account/",,,"0",,"2019-06-14 17:58:43","2019-11-01 17:16:12","epkdoc01","epkdoc01"
"21369","53400","top_sample01 ","jpg","/img/hospital/K395/account/",,,"0",,"2019-06-14 17:58:43","2019-11-01 17:16:12","epkdoc01","epkdoc01"
"21369","53401","top_sample2","jpg","/img/hospital/K395/account/",,,"0",,"2019-06-14 17:58:43","2019-11-01 17:16:12","epkdoc01","epkdoc01"
"21369","53402","top_sample3","jpg","/img/hospital/K395/account/",,,"0",,"2019-06-14 17:58:43","2019-11-01 17:16:12","epkdoc01","epkdoc01"
"21369","53403","top_sample4","jpg","/img/hospital/K395/account/",,,"0",,"2019-06-14 17:58:43","2019-11-01 17:16:12","epkdoc01","epkdoc01"
"21369","53487","01-5-1","jpg","/img/hospital/x7217801/course/",,,"1",,"2019-06-17 12:10:34","2019-11-01 17:16:13","epkdoc01","epkdoc01"
"21369","53489","14","jpg","/img/hospital/x7217801/course/",,,"1",,"2019-06-17 12:25:09","2019-11-01 17:16:13","epkdoc01","epkdoc01"
"20113","60324","02-2","jpg","/img/hospital/s9102381/course/",,,"1",,"2019-09-24 12:23:42","2019-09-24 12:23:42","epkdoc01","epkdoc01"
"20462","60658","01-2_02","jpg","/img/hospital/s6595269/course/",,,"1",,"2019-10-01 10:42:49","2019-10-01 10:48:33","epkdoc01","epkdoc01"
"20462","60659","01-4_02","jpg","/img/hospital/s6595269/course/",,,"1",,"2019-10-01 10:44:25","2019-10-01 10:48:32","epkdoc01","epkdoc01"
"20462","60660","01-2_07","jpg","/img/hospital/s6595269/course/",,,"1",,"2019-10-01 10:47:27","2019-10-01 10:48:32","epkdoc01","epkdoc01"
"20462","60661","01-4_07","jpg","/img/hospital/s6595269/course/",,,"1",,"2019-10-01 10:48:33","2019-10-01 10:48:33","epkdoc01","epkdoc01"
"21369","62027","10297900_1908_00303_main_pc","jpg","/img/hospital/x7217801/account/",,,"0",,"2019-11-01 17:16:12","2019-11-01 17:26:15","epkdoc01","epkdoc01"
"21369","62028","10297900_1908_00303_main_sp","jpg","/img/hospital/x7217801/account/",,,"0",,"2019-11-01 17:16:13","2019-11-01 17:26:15","epkdoc01","epkdoc01"
"21369","62029","20190801-10297900_1908_016 -S1","jpg","/img/hospital/x7217801/account/",,,"0",,"2019-11-01 17:16:13","2019-11-01 17:26:15","epkdoc01","epkdoc01"
"21369","62030","20190801-10297900_1908_102 -S3","jpg","/img/hospital/x7217801/account/",,,"0",,"2019-11-01 17:16:13","2019-11-01 17:26:15","epkdoc01","epkdoc01"
"21369","62031","20190801-10297900_1908_114 -K2","jpg","/img/hospital/x7217801/account/","わかりやすいよう配慮した説明／地域の医療機関と連携したフォロー体制",,"0",,"2019-11-01 17:16:13","2019-11-01 17:26:15","epkdoc01","epkdoc01"
"21369","62032","20190801-10297900_1908_128 - K3","jpg","/img/hospital/x7217801/account/","日本人間ドック学会機能評価認定施設としてホスピタリティにも注力",,"0",,"2019-11-01 17:16:13","2019-11-01 17:26:15","epkdoc01","epkdoc01"
"21369","62033","20190801-10297900_1908_133 - K1","jpg","/img/hospital/x7217801/account/","全身を総合的に調べる検査コースとして「半日ドック（午前）」を提供",,"0",,"2019-11-01 17:16:13","2019-11-01 17:26:15","epkdoc01","epkdoc01"
"21369","62034","20190801-10297900_1908_135 -S2","jpg","/img/hospital/x7217801/account/",,,"0",,"2019-11-01 17:16:13","2019-11-01 17:26:15","epkdoc01","epkdoc01"
"21369","62035","20190801-10297900_1908_142 -S4","jpg","/img/hospital/x7217801/account/",,,"0",,"2019-11-01 17:16:13","2019-11-01 17:26:15","epkdoc01","epkdoc01"
"21369","62036","20190801-10297900_1908_148 -DR","jpg","/img/hospital/x7217801/account/","理事長：花輪 峰夫 先生",,"0",,"2019-11-01 17:16:13","2019-11-01 17:26:15","epkdoc01","epkdoc01"
"21369","62037","20190801-10297900_1908_001","jpg","/img/hospital/x7217801/photo/",,"広々とした駐車場を併設しています。
","2",,"2019-11-01 17:16:13","2019-11-01 17:26:17","epkdoc01","epkdoc01"
"21369","62038","20190801-10297900_1908_004","jpg","/img/hospital/x7217801/photo/",,"西武秩父駅から車で10分の当院。「秩父病院」行きのバスも運行しています。
","2",,"2019-11-01 17:16:13","2019-11-01 17:26:17","epkdoc01","epkdoc01"
"21369","62039","20190801-10297900_1908_006","jpg","/img/hospital/x7217801/photo/",,"日本人間ドック学会機能評価認定施設の当院は、緑に囲まれた環境の中で健康について考えていただけます。
","2",,"2019-11-01 17:16:13","2019-11-01 17:26:17","epkdoc01","epkdoc01"
"21369","62040","20190801-10297900_1908_016","jpg","/img/hospital/x7217801/photo/",,"CT検査を行います。
","2",,"2019-11-01 17:16:13","2019-11-01 17:26:16","epkdoc01","epkdoc01"
"21369","62041","20190801-10297900_1908_028","jpg","/img/hospital/x7217801/photo/",,"聴力検査、視力検査、血圧測定を行います。
","2",,"2019-11-01 17:16:13","2019-11-01 17:26:16","epkdoc01","epkdoc01"
"21369","62042","20190801-10297900_1908_031","jpg","/img/hospital/x7217801/photo/",,"身体測定を行います。
","2",,"2019-11-01 17:16:13","2019-11-01 17:26:16","epkdoc01","epkdoc01"
"21369","62043","20190801-10297900_1908_033","jpg","/img/hospital/x7217801/photo/",,"体脂肪などを調べます。

","2",,"2019-11-01 17:16:13","2019-11-01 17:26:16","epkdoc01","epkdoc01"
"21369","62044","20190801-10297900_1908_035","jpg","/img/hospital/x7217801/photo/",,"バリアフリー設計で動きやすい空間作りをしています。
","2",,"2019-11-01 17:16:13","2019-11-01 17:26:16","epkdoc01","epkdoc01"
"21369","62045","20190801-10297900_1908_036","jpg","/img/hospital/x7217801/photo/",,"安静時心電図検査を行います。
","2",,"2019-11-01 17:16:13","2019-11-01 17:26:16","epkdoc01","epkdoc01"
"21369","62046","20190801-10297900_1908_042","jpg","/img/hospital/x7217801/photo/",,"眼底、眼圧を測ります。
","2",,"2019-11-01 17:16:13","2019-11-01 17:26:16","epkdoc01","epkdoc01"
"21369","62047","20190801-10297900_1908_046","jpg","/img/hospital/x7217801/photo/",,"スパイロメーターで肺の機能を調べます。
","2",,"2019-11-01 17:16:13","2019-11-01 17:26:16","epkdoc01","epkdoc01"
"21369","62048","20190801-10297900_1908_049","jpg","/img/hospital/x7217801/photo/",,"骨密度を測定します。
","2",,"2019-11-01 17:16:13","2019-11-01 17:26:16","epkdoc01","epkdoc01"
"21369","62049","20190801-10297900_1908_060","jpg","/img/hospital/x7217801/photo/",,"腹部エコー検査を行います。
","2",,"2019-11-01 17:16:13","2019-11-01 17:26:16","epkdoc01","epkdoc01"
"21369","62050","20190801-10297900_1908_075","jpg","/img/hospital/x7217801/photo/",,"マンモグラフィ検査を行います。
","2",,"2019-11-01 17:16:13","2019-11-01 17:26:16","epkdoc01","epkdoc01"
"21369","62051","20190801-10297900_1908_087","jpg","/img/hospital/x7217801/photo/",,"胃部X線検査を行います。
","2",,"2019-11-01 17:16:13","2019-11-01 17:26:16","epkdoc01","epkdoc01"
"21369","62052","20190801-10297900_1908_098","jpg","/img/hospital/x7217801/photo/",,"広々とした受付です。お気軽に受診ください。
","2",,"2019-11-01 17:16:13","2019-11-01 17:26:16","epkdoc01","epkdoc01"
"21369","62053","20190801-10297900_1908_104","jpg","/img/hospital/x7217801/photo/",,"男性用のロッカールームです。
","2",,"2019-11-01 17:16:13","2019-11-01 17:26:16","epkdoc01","epkdoc01"
"21369","62054","20190801-10297900_1908_108","jpg","/img/hospital/x7217801/photo/",,"女性用のロッカールームです。
","2",,"2019-11-01 17:16:13","2019-11-01 17:26:16","epkdoc01","epkdoc01"
"21369","62055","20190801-10297900_1908_114","jpg","/img/hospital/x7217801/photo/",,"健診当日に結果説明を行う場合もあります。
","2",,"2019-11-01 17:16:13","2019-11-01 17:26:16","epkdoc01","epkdoc01"
"21369","62056","20190801-10297900_1908_117","jpg","/img/hospital/x7217801/photo/",,"健診センターの入り口はこちらです。
","2",,"2019-11-01 17:16:13","2019-11-01 17:26:17","epkdoc01","epkdoc01"
"21369","62057","20190801-10297900_1908_120","jpg","/img/hospital/x7217801/photo/",,"検査待合室になります。
","2",,"2019-11-01 17:16:13","2019-11-01 17:26:16","epkdoc01","epkdoc01"
"21369","62058","20190801-10297900_1908_133","jpg","/img/hospital/x7217801/photo/",,"日本消化器内視鏡学会「消化器内視鏡専門医」が検査を実施します。
","2",,"2019-11-01 17:16:13","2019-11-01 17:26:16","epkdoc01","epkdoc01"
"21369","62059","20190801-10297900_1908_148","jpg","/img/hospital/x7217801/photo/",,"「人と人とのふれあい医療の実践」を理念に掲げ、地域皆さまの健康増進に貢献します。
","2",,"2019-11-01 17:16:13","2019-11-01 17:26:15","epkdoc01","epkdoc01"
"21220","62164","10294723_1906_004_s4","jpg","/img/hospital/x2728058/account/",,,"0",,"2019-11-07 14:00:24","2019-11-08 11:53:00","epkdoc01","epkdoc01"
"21220","62165","10294723_1906_013_k4","jpg","/img/hospital/x2728058/account/","医師からのアドバイスや検査結果を生かした生活が""長生きできるポイント""",,"0",,"2019-11-07 14:00:24","2019-11-08 11:53:01","epkdoc01","epkdoc01"
"21220","62166","10294723_1906_018_k3","jpg","/img/hospital/x2728058/account/","人間ドックを受診し健康で長生きできるようにアドバイス",,"0",,"2019-11-07 14:00:24","2019-11-08 11:53:00","epkdoc01","epkdoc01"
"21220","62167","10294723_1906_020_s2","jpg","/img/hospital/x2728058/account/",,,"0",,"2019-11-07 14:00:24","2019-11-08 11:53:00","epkdoc01","epkdoc01"
"21220","62168","10294723_1906_024 _k2","jpg","/img/hospital/x2728058/account/","追加可能なオプションは「腫瘍マーカー」「骨粗鬆症検査」",,"0",,"2019-11-07 14:00:24","2019-11-08 11:53:00","epkdoc01","epkdoc01"
"21220","62169","10294723_1906_039_s3","jpg","/img/hospital/x2728058/account/",,,"0",,"2019-11-07 14:00:24","2019-11-08 11:53:00","epkdoc01","epkdoc01"
"21220","62170","10294723_1906_046_s1","jpg","/img/hospital/x2728058/account/",,,"0",,"2019-11-07 14:00:24","2019-11-08 11:53:00","epkdoc01","epkdoc01"
"21220","62171","10294723_1906_055 _k1","jpg","/img/hospital/x2728058/account/","1～2年の変化を経過的に把握し、健康状態を総合的に評価",,"0",,"2019-11-07 14:00:24","2019-11-08 11:53:00","epkdoc01","epkdoc01"
"21220","62172","20190613_064_main_pc","jpg","/img/hospital/x2728058/account/",,,"0",,"2019-11-07 14:00:24","2019-11-08 11:53:00","epkdoc01","epkdoc01"
"21220","62173","20190613_064_main_sp","jpg","/img/hospital/x2728058/account/",,,"0",,"2019-11-07 14:00:24","2019-11-08 11:53:00","epkdoc01","epkdoc01"
"21220","62174","10294723_1906_009_DR","jpg","/img/hospital/x2728058/account/","院長:熊野 文雄 先生",,"0",,"2019-11-07 14:00:24","2019-11-08 11:53:01","epkdoc01","epkdoc01"
"21220","62175","10294723_1906_009","jpg","/img/hospital/x2728058/photo/",,"5年後、10年後の健康につながるよう、健康リスクの早期発見が大切だと考えます。
","2",,"2019-11-07 14:00:24","2019-11-08 11:53:01","epkdoc01","epkdoc01"
"21220","62176","10294723_1906_020","jpg","/img/hospital/x2728058/photo/",,"血圧脈波検査を行います。
","2",,"2019-11-07 14:00:24","2019-11-08 11:53:01","epkdoc01","epkdoc01"
"21220","62177","10294723_1906_028","jpg","/img/hospital/x2728058/photo/",,"聴力検査を行います。
","2",,"2019-11-07 14:00:24","2019-11-08 11:53:01","epkdoc01","epkdoc01"
"21220","62178","10294723_1906_029","jpg","/img/hospital/x2728058/photo/",,"安静時心電図検査を行います。
","2",,"2019-11-07 14:00:24","2019-11-08 11:53:01","epkdoc01","epkdoc01"
"21220","62179","10294723_1906_031","jpg","/img/hospital/x2728058/photo/",,"視力を測ります。
","2",,"2019-11-07 14:00:24","2019-11-08 11:53:01","epkdoc01","epkdoc01"
"21220","62180","10294723_1906_032","jpg","/img/hospital/x2728058/photo/",,"血圧を測ります。
","2",,"2019-11-07 14:00:25","2019-11-08 11:53:01","epkdoc01","epkdoc01"
"21220","62181","10294723_1906_033","jpg","/img/hospital/x2728058/photo/",,"身体測定を行います。
","2",,"2019-11-07 14:00:25","2019-11-08 11:53:01","epkdoc01","epkdoc01"
"21220","62182","10294723_1906_041","jpg","/img/hospital/x2728058/photo/",,"ゆったりと座れる待合ロビーです。
","2",,"2019-11-07 14:00:25","2019-11-08 11:53:01","epkdoc01","epkdoc01"
"21220","62183","10294723_1906_046","jpg","/img/hospital/x2728058/photo/",,"土曜日も健診を受け付けています。
","2",,"2019-11-07 14:00:25","2019-11-08 11:53:01","epkdoc01","epkdoc01"
"21220","62184","10294723_1906_055","jpg","/img/hospital/x2728058/photo/",,"開院52周年を迎えた地域に根差した健診施設です。
","2",,"2019-11-07 14:00:25","2019-11-08 11:53:01","epkdoc01","epkdoc01"
"21220","62185","10294723_1906_060","jpg","/img/hospital/x2728058/photo/",,"駐車場をご利用いただけます。
","2",,"2019-11-07 14:00:25","2019-11-08 11:53:01","epkdoc01","epkdoc01"
"21220","62202","10294723_1906_004_i","jpg","/img/hospital/x2728058/account/","健診後の結果説明に重きを置き、予防医療に対する意識向上に力を入れています。",,"0",,"2019-11-08 11:52:42","2019-11-08 11:53:01","epkdoc01","epkdoc01"
"21276","62329","10296110_1905_009_s4","jpg","/img/hospital/m3913451/account/",,,"0",,"2019-11-15 16:25:15","2019-11-21 12:56:41","epkdoc01","epkdoc01"
"21276","62330","10296110_1905_020.i","jpg","/img/hospital/m3913451/account/","脳疾患に特化したクリニックです。結果説明を重要と考え、フォローにもしっかり対応します。",,"0",,"2019-11-15 16:25:15","2019-11-21 12:56:42","epkdoc01","epkdoc01"
"21276","62331","10296110_1905_024_k2","jpg","/img/hospital/m3913451/account/","健康寿命の延伸・QOL（生活の質）の維持のために受診を推奨",,"0",,"2019-11-15 16:25:15","2019-11-21 12:56:41","epkdoc01","epkdoc01"
"21276","62332","10296110_1905_041","jpg","/img/hospital/m3913451/account/","院長：齋藤 達也先生",,"0",,"2019-11-15 16:25:15","2019-11-21 12:56:42","epkdoc01","epkdoc01"
"21276","62333","10296110_1905_046_s2","jpg","/img/hospital/m3913451/account/",,,"0",,"2019-11-15 16:25:15","2019-11-21 12:56:41","epkdoc01","epkdoc01"
"21276","62334","10296110_1905_065_k3","jpg","/img/hospital/m3913451/account/","不安や緊張を和らげ、リラックスして受診できる環境づくりに注力",,"0",,"2019-11-15 16:25:15","2019-11-21 12:56:41","epkdoc01","epkdoc01"
"21276","62335","10296110_1905_079_s3","jpg","/img/hospital/m3913451/account/",,,"0",,"2019-11-15 16:25:15","2019-11-21 12:56:41","epkdoc01","epkdoc01"
"21276","62336","10296110_1905_105_k1","jpg","/img/hospital/m3913451/account/","スタンダードな検査コースとして簡易コース／基本コース／脳卒中コースを提供",,"0",,"2019-11-15 16:25:15","2019-11-21 12:56:41","epkdoc01","epkdoc01"
"21276","62337","10296110_1905_105_s1","jpg","/img/hospital/m3913451/account/",,,"0",,"2019-11-15 16:25:15","2019-11-21 12:56:41","epkdoc01","epkdoc01"
"21276","62338","10296110_main_pc","jpg","/img/hospital/m3913451/account/",,,"0",,"2019-11-15 16:25:15","2019-11-21 12:56:41","epkdoc01","epkdoc01"
"21276","62339","10296110_main_sp","jpg","/img/hospital/m3913451/account/",,,"0",,"2019-11-15 16:25:15","2019-11-15 16:25:15","epkdoc01","epkdoc01"
"21276","62340","10296110_1905_002","jpg","/img/hospital/m3913451/photo/",,"柴崎体育館駅から徒歩約3分です
","2",,"2019-11-15 16:25:15","2019-11-21 12:56:42","epkdoc01","epkdoc01"
"21276","62341","10296110_1905_005","jpg","/img/hospital/m3913451/photo/",,"当院の外観です。
","2",,"2019-11-15 16:25:15","2019-11-21 12:56:42","epkdoc01","epkdoc01"
"21276","62342","10296110_1905_009","jpg","/img/hospital/m3913451/photo/",,"当院の看板です。
","2",,"2019-11-15 16:25:15","2019-11-21 12:56:42","epkdoc01","epkdoc01"
"21276","62343","10296110_1905_019","jpg","/img/hospital/m3913451/photo/",,"当院の院長です。
","2",,"2019-11-15 16:25:15","2019-11-21 12:56:42","epkdoc01","epkdoc01"
"21276","62344","10296110_1905_046","jpg","/img/hospital/m3913451/photo/",,"受付です。
","2",,"2019-11-15 16:25:15","2019-11-21 12:56:42","epkdoc01","epkdoc01"
"21276","62345","10296110_1905_065","jpg","/img/hospital/m3913451/photo/",,"広々とした明るい院内です。
","2",,"2019-11-15 16:25:15","2019-11-21 12:56:42","epkdoc01","epkdoc01"
"21276","62346","10296110_1905_072","jpg","/img/hospital/m3913451/photo/",,"更衣室は検査室内にございます。
","2",,"2019-11-15 16:25:15","2019-11-21 12:56:42","epkdoc01","epkdoc01"
"21276","62347","10296110_1905_075","jpg","/img/hospital/m3913451/photo/",,"ゆったりとした検査室です。
","2",,"2019-11-15 16:25:15","2019-11-21 12:56:42","epkdoc01","epkdoc01"
"21276","62348","10296110_1905_079","jpg","/img/hospital/m3913451/photo/",,"心電図測定器です。
","2",,"2019-11-15 16:25:15","2019-11-21 12:56:42","epkdoc01","epkdoc01"
"21276","62349","10296110_1905_080","jpg","/img/hospital/m3913451/photo/",,"身長・体重・血圧などを測ります。
","2",,"2019-11-15 16:25:15","2019-11-21 12:56:42","epkdoc01","epkdoc01"
"21276","62350","10296110_1905_083","jpg","/img/hospital/m3913451/photo/",,"診察室です。
","2",,"2019-11-15 16:25:15","2019-11-21 12:56:42","epkdoc01","epkdoc01"
"21276","62351","10296110_1905_087","jpg","/img/hospital/m3913451/photo/",,"リラックスして検査していただけます。
","2",,"2019-11-15 16:25:15","2019-11-21 12:56:42","epkdoc01","epkdoc01"
"21276","62352","10296110_1905_093","jpg","/img/hospital/m3913451/photo/",,"駐車場もございます。
","2",,"2019-11-15 16:25:15","2019-11-21 12:56:42","epkdoc01","epkdoc01"
"21276","62353","10296110_1905_099","jpg","/img/hospital/m3913451/photo/",,"メディカル・フォレストたちかわ内にございます。
","2",,"2019-11-15 16:25:15","2019-11-21 12:56:42","epkdoc01","epkdoc01"
"21276","62354","10296110_1905_105","jpg","/img/hospital/m3913451/photo/",,"MRI検査機器です。
","2",,"2019-11-15 16:25:15","2019-11-21 12:56:42","epkdoc01","epkdoc01"
