"no","name","id","passwd","is_hospital","is_course","is_calendar","is_reserve","is_interview","is_faq","is_banner","is_campaign","is_user","is_staff","is_image_file","is_item_category","is_invoice","is_payment","is_pre_account","is_actual_sales_error","is_auth4","is_auth5","status","hash","rgst","updt","created_id","updated_id"
"1","管理者","admin","$2y$10$TRFvt1UpyBFRb6nQLwGzoe2aw1pX7k8Nw8EvoEGS4oQIBxlCUwpZe","255","255","255","255","255","255","255","255","255","255","0","255","255","0","0","0","0","0","1","TRFvt1UpyBFRb6nQLwGzol","0000-00-00 00:00:00","0000-00-00 00:00:00",,
"30","エンパワー","epkdoc01","$2y$10$6BmPhq3OBEau6ZJSPed8Le8ecYJRRZLPKf5/I8wwsdfEVOOnDXkKu","3","7","7","3","3","3","3","3","3","3","0","3","7","7","3","3","0","0","1","6BmPhq3OBEau6ZJSPed8Lt","2014-11-07 16:00:18","2019-01-22 06:55:50",,"epkdoc01"
"86","A画面単体テスト","tantaitest","$2y$10$2zYufIG5Zjwk5xKWSVoqo.hLc9fW0K.lEVn4Ojhr8BC7YHM0l3.Tm","3","0","0","0","0","0","3","0","0","3","0","3","7","0","0","0","0","0","X","2zYufIG5Zjwk5xKWSVoqoJ","2017-06-27 17:19:43","2019-01-22 04:39:07","epkdoc01","epkdoc01"
"87","すたっふめい","naruse","$2y$10$F2CY94sj4D3hArRxeIxUWulWfNQkMGitHDKTHJaVd5bZuF8ASL60.","0","0","0","0","0","0","0","0","0","0","0","0","0","0","0","0","0","0","1","F2CY94sj4D3hArRxeIxUW0","2017-06-27 18:42:46","2019-02-19 17:57:01","epkdoc01","epkdoc01"
"88","スタッフ登録テスト","aiue1aiue2aiue3aiue4aiue5aiue6","$2y$10$HJCC7mU5RIpvmk4mpwKmVuvV19Uy.SUQOv1tTuiYBF4qKng56LZkW","0","0","0","0","0","0","0","0","0","0","0","0","0","0","0","0","0","0","X","HJCC7mU5RIpvmk4mpwKmVx","2017-06-28 10:41:38","2018-07-09 14:09:16","epkdoc01","epkdoc01"
"89","削除テスト_S01","deltests01","$2y$10$cgDNNVQBOznqsAR4TECU8eYmxcyHfg0C/BLrJi5hr6g4/o75N9iJC","3","0","0","0","0","0","3","0","0","3","0","3","7","0","0","0","0","0","X","cgDNNVQBOznqsAR4TECU8j","2017-06-28 13:21:37","2018-07-09 14:09:20","epkdoc01","epkdoc01"
"91","重複テスト","testtest","$2y$10$weXUtOLxQ0JpsNxio1VFy.brAss.IYzFu3riw7QYHYNUM9Vq146j2","0","0","0","0","0","0","0","0","0","0","0","0","0","0","0","0","0","0","X","weXUtOLxQ0JpsNxio1VFyF","2017-06-28 15:30:38","2018-07-09 14:09:23","epkdoc01","epkdoc01"
"92","パートナー（入稿のみ）","partner1","$2y$10$ooCsh4gdPTYFgXqP3PmUYeY9RVfiMFYHDURZXtFm4qw/xs5s13.OC","3","0","0","0","0","0","0","0","0","0","0","0","0","0","0","0","0","0","1","ooCsh4gdPTYFgXqP3PmUYi","2018-07-09 14:08:19","2018-07-09 14:09:59","epkdoc01","epkdoc01"
"93","php7スタッフ","php7staff","$2y$10$SCUfIkezuYLlv9mx61qKK.k6RcY1X9t2SZWG7SdrB5XzQwOM3/j42","1","0","0","0","0","0","1","0","0","1","0","1","1","1","1","1","0","0","1","SCUfIkezuYLlv9mx61qKKJ","2019-01-22 04:52:10","2019-02-19 17:51:19","epkdoc01","epkdoc01"
